coach,coach_id
Alec Osborne,1
John Pease,2
Steve Sidwell,3
Paul Boudreau,4
Steve Walters,5
Jim Skipper,6
Carl Smith,7
Jim Mora,8
Dom Capers,9
Ned James,10
Jack Del Rio,11
Walt Corey,12
Zaven Yaralian,13
Judd Garrett,14
Dick Stanfel,15
Dan Neal,16
Harold Jackson,17
Lary Kuharich,18
Tom Clements,19
Danny Abramowicz,20
Rick Venturi,21
Vic Fangio,22
Bum Phillips,23
Jack Henry,24
Al Everest,25
Joe Alley,26
Ty Knott,27
Greg Brown,28
Joe Baker,29
Winston Moss,30
Chip Beake,31
Bob Palcic,32
Danny Langsdorf,33
Jimmy Robinson,34
Dave Atkins,35
Mike Sheppard,36
Mike McCarthy,37
Jim Haslett,38
Mike Ditka,39
Nick Nicolau,40
Jim L. Mora,41
Fred Glick,42
Tom Pratt,43
Ed Beard,44
Lamar McHan,45
Ed Hughes,46
Dick Nolan,47
Lance Van Zandt,48
John Paul Young,49
Willie Zapalac,50
Wade Phillips,51
Joe Spencer,52
John Levra,53
Larry Kennan,54
Frank Warren,55
Wayne Nunnely,56
Monte Kiffin,57
John Matsko,58
Mike Woodford,59
Tom Moore,60
Sam Clancy,61
Ron Zook,62
Jim Hostler,63
Hubbard Alexander,64
Frank Cignetti Jr.,65
John Pagano,66
Willie Shaw,67
Everett Withers,68
Chip Myers,69
John Misciagna,70
King Hill,71
Rod Rust,72
Steve Nelson,73
Don Blackmon,74
Dale Lindsey,75
Charlie Sumner,76
Rod Humenuik,77
Richard Wood,78
Bobby Grier,79
Jimmy Raye,80
John Polonchek,81
Jim Erkenbeck,82
Mark Hatley,83
Carl Mauck,84
Harold Richardson,85
Bob Trott,86
Dante Scarnecchia,87
Romeo Crennel,88
Al Groh,89
Maurice Carthon,90
Fred Hoaglin,91
Mike Pope,92
Chris Palmer,93
Charlie Weis,94
Ray Perkins,95
Bill Parcells,96
Jim Carr,97
Don Shinnick,98
Ray Hamilton,99
Eddie Khayat,100
Guy Morriss,101
Jimmy Carr,102
Raymond Berry,103
Jeff Davidson,104
Bruce Arians,105
Les Steckel,106
Marcus Ungaro,107
Greg McMahon,108
Tony Oden,109
Dennis Allen,110
Travis Jones,111
Bill Johnson,112
Gregg Williams,113
Frank Smith,114
Aaron Kromer,115
Terry Malone,116
Curtis Johnson,117
Bret Ingalls,118
Joe Lombardi,119
"Pete Carmichael, Jr.",120
Dan Reeves,121
Earl Leggett,122
Mike Nolan,123
Pete Mangurian,124
James Daniel,125
Dick Rehbein,126
George Sefcik,127
Steve DeBerg,128
George Henshaw,129
Joe Vitt,130
Sean Payton,131
Ray Handley,132
Mike Sweatman,133
Len Fontes,134
Lamar Leachman,135
Bill Belichick,136
Pat Hodgson,137
Ron Erhardt,138
Tom Bresnahan,139
Bob Ledbetter,140
Bob Lord,141
Bill Austin,142
Ernie Adams,143
Kerry Goode,144
Joe Walton,145
Ray Callahan,146
Mike Faulkiner,147
Jim Vechiarella,148
Bud Carson,149
Dan Radakovich,150
Bobby Hammond,151
Zeke Bratkowski,152
Bruce Coslet,153
Walt Harris,154
Rod Dowhower,155
Jim Fassel,156
Al Roberts,157
Ed Donatell,158
Foge Fazio,159
Greg Robinson,160
Pete Carroll,161
Paul Alexander,162
Larry Beightol,163
Johnny Roland,164
Rich Kotite,165
Dave Brazil,166
Johnnie Lynn,167
Tom Olivadotti,168
Denny Marcin,169
John Fox,170
Jim McNally,171
Mike Gillhamer,172
Bob Wylie,173
Kippy Brown,174
Joe Daniels,175
Willy Robinson,176
Jim Pyne,177
Turk Schonert,178
Doug Marrone,179
Ralph Hawkins,180
John Bonamego,181
Tom Hayes,182
Marion Hobby,183
Gary Gibbs,184
John Bunting,185
Phil Pettey,186
Mike Riley,187
Deek Pollard,188
Tom Coughlin,189
Ed Orgeron,190
Rickey Jackson,191
John Morton,192
Carlos Mainord,193
Rodney Holman,194
Bill Meyers,195
Tom Bass,196
Larrye Weaver,197
Don Coryell,198
Ralph Friedgen,199
Willie Brown,200
Chet Franklin,201
Joe Madro,202
Bob Mischak,203
Sam Boghosian,204
Lew Erber,205
Ray Willsey,206
Tom Flores,207
Bobby Ross,208
Dwain Painter,209
Jerry Sullivan,210
Sylvester Croom,211
Jack Reilly,212
Kevin O'Dea,213
Dennis Murphy,214
Dave Adolph,215
Stan Kwan,216
Frank Falks,217
Fred Biletnikoff,218
Joe Scannella,219
Tom Walsh,220
Art Shell,221
Jack Stanton,222
Sam Gruneisen,223
Bill Urbanik,224
Kim Helton,225
Terry Robiskie,226
Mike White,227
John Guy,228
Gunther Cunningham,229
Doug Graber,230
JD Helm,231
Richard Williamson,232
Willie Peete,233
Pete McCulley,234
John Mackovic,235
Bill Arnsparger,236
George DeLeone,237
Kevin Lempa,238
Rod Perry,239
Joe Pascale,240
Mike Cavanaugh,241
Bill MacDermott,242
Jerry Smith,243
Tyrone Dixon,244
Ollie Wilson,245
Kevin Gilbride,246
Al Saunders,247
Jerry Rhome,248
Bobby Jackson,249
Charlie Joiner,250
Joe Bugel,251
June Jones,252
Mike Haluchak,253
Ron Lynn,254
Jerry Wampfler,255
Dave Levy,256
Jackie Simpson,257
George O'Leary,258
LeCharls McDaniel,259
Ed White,260
Ted Tollner,261
Earnel Durden,262
Dan Henning,263
Jack Pardee,264
Ernie Zampese,265
Joe Gibbs,266
Larry Pasquale,267
Chuck Clausen,268
Alex Gibbs,269
Steve Shafer,270
Fred Whittingham,271
Paul Hackett,272
Marty Schottenheimer,273
Darvin Wallis,274
Kurt Schottenheimer,275
Woodrow Lowe,276
Bob Karmelowicz,277
Brian Schottenheimer,278
Mike Solari,279
Lionel James,280
Jimmy Raye III,281
Carl Hairston,282
Jason Verduzco,283
Irv Eatman,284
Keith Rowen,285
James Saxon,286
Terry Shea,287
Dick Vermeil,288
Herman Edwards,289
Peter Giunta,290
Russ Ball,291
Richard Mann,292
Al Lavan,293
Bob Sanders,294
Floyd Peters,295
Mike Wilson,296
Bishop Harris,297
Fred Pagac,298
Mel Phillips,299
George Hill,300
Joe Greene,301
John Ramsdell,302
Todd Howard,303
Steve Brown,304
Jim Hanifan,305
Lynn Stiles,306
Wilbert Montgomery,307
Mike Martz,308
Mike Shula,309
Dwight Stephenson,310
Don Shula,311
Dan Sekanovich,312
Larry Seiple,313
Carl Taseff,314
Gary Stevens,315
John Sandusky,316
Tony Nathan,317
Mike Westhoff,318
Tom Keane,319
Mike Scarry,320
Wally English,321
Roger Theder,322
Bob Matheson,323
Chuck Studley,324
David Shula,325
Floyd Reese,326
Paul Wiggin,327
Bob Hollway,328
John Michels,329
Marc Trestman,330
Jerry Burns,331
Bud Grant,332
LaVern Torgeson,333
Frank Lauterbur,334
Dick Selcer,335
Hewritt Dixon,336
Paul Lanham,337
Lionel Taylor,338
Ray Malavasi,339
Steve Greatwood,340
Rich Brooks,341
Brian Baker,342
Nick Aliotti,343
George Warhop,344
Matt Sheldon,345
Ron Meeks,346
Bill Kollar,347
Lovie Smith,348
Henry Ellard,349
Ken Zampese,350
Bob Griese,351
Chuck Knox,352
Anthony Griggs,353
Lou Spanos,354
Mike Archer,355
John Mitchell,356
Tim Lewis,357
Mike Miller,358
Russ Grimm,359
Ken Whisenhunt,360
Kenny Jackson,361
Dick Hoak,362
David Culley,363
Chan Gailey,364
Bill Cowher,365
Mike Mularkey,366
Darren Perry,367
Keith Butler,368
Kent Stephenson,369
Dick LeBeau,370
Ray Rhodes,371
Norb Hecker,372
Bill McPherson,373
George Seifert,374
Fred von Appen,375
Bobb McKittrick,376
Sherman Lewis,377
Bill Walsh,378
Tommy Hart,379
Milt Jackson,380
Billie Matthews,381
Sam Wyche,382
Rich Baker,383
Woody Widenhofer,384
Ron Blackledge,385
Chuck Noll,386
Jon Kolb,387
Tony Dungy,388
Dennis Fitzgerald,389
Bob Bratkowski,390
Danielle Hudak,391
Eric Estes,392
Kirby Wilson,393
Ray Horton,394
Harold Goodwin,395
Larry Zierlein,396
Randy Fichtner,397
Ken Anderson,398
Mike Tomlin,399
Alan Lowry,400
Matt Raich,401
Mark Whipple,402
Raymond Jackson,403
Jeff Fisher,404
Bob Zeman,405
John Marshall,406
Ray Sherman,407
Carl Jackson,408
Mike Shanahan,409
Larry Kirksey,410
Matt Cavanaugh,411
Greg Knapp,412
Dwaine Board,413
Michael Barnes,414
Richard Smith,415
Andy Sugarman,416
Patrick Morris,417
Tom Batta,418
Tom Rathman,419
Marty Mornhinweg,420
Steve Mariucci,421
Bo Pelini,422
Mark Duca,423
Dennis Green,424
Mike Holmgren,425
Tom Holmoe,426
Sam Kasan,427
Dale Haupt,428
Bill Muir,429
Lew Carpenter,430
Dick Wood,431
Ken Iman,432
Doug Scovil,433
Buddy Ryan,434
Fred Bruney,435
Dick Coury,436
Billy Joe,437
Sid Gillman,438
Tommy Brasher,439
Marion Campbell,440
Frank Gansz,441
Ted Marchibroda,442
John Becker,443
Dick Walker,444
Rollie Dotsch,445
Hal Hunter,446
Tom Bettis,447
Ronnie Jones,448
Walt Michaels,449
John Mazur,450
Tom Gamble,451
Joe Gardi,452
Peter Redebaugh,453
Todd Bowles,454
Harry Gamble,455
Ben Hawkins,456
Bob Sutton,457
William Roberts,458
Bill Muir & Ray Lavigne,459
Todd Haley,460
Steve Trimble,461
Larry Coyer,462
Sparky Woods,463
Don Breaux,464
Bob Valesente,465
Marvin Lewis,466
Steve Furness,467
Bob Harrison,468
Howard Mudd,469
Charlie Davis,470
Joe Pendry,471
Lindy Infante,472
Paul Guenther,473
Ray Braun,474
Louie Cioffi,475
Kevin Coyle,476
Ricky Hunley,477
Jay Hayes,478
Chuck Bresnahan,479
Bob Surace,480
Jonathan Hayes,481
Jim Anderson,482
Jim Garrett,483
Jim Shofner,484
Sam Rutigliano,485
Hue Jackson,486
Tim Krumrie,487
Mark Duffner,488
John Garrett,489
Frank Verducci,490
Steve Mooshagian,491
Autry Denson,492
Joe Kim,493
Eric Mangini,494
Tom Spann,495
Jim Bates,496
Jacob Burney,497
John Settle,498
Pat Hill,499
Kirk Ferentz,500
Steve Crosby,501
Ben Steele,502
Blaine Gautier,503
Chris Cook,504
Connor Senger,505
Cristian Garcia,506
Jeff Rodgers,507
Jonathan Gannon,508
Israel Woolfork,509
Nick Rallis,510
Drew Petzing,511
Justin Frye,512
Matt Feeney,513
Drew Terrell,514
Patrick Toney,515
John Teerlinck,516
Bobby DePaul,517
Joe Wessel,518
Larry Peccatiello,519
Dave Shula,520
Mike Stock,521
Dana Bible,522
Gary Moeller,523
Greg Landry,524
Leslie Frazier,525
Alex Wood,526
Anthony Lynn,527
Richard McNutt,528
Cory Undlin,529
Randy Melvin,530
Mel Tucker,531
Mike Sullivan,532
Alfredo Roberts,533
Wes Chandler,534
Rob Chudzinski,535
Ted Daisher,536
Rip Scherer,537
Umberto Leone,538
Todd Grantham,539
Steve Hoffman,540
Andre Patterson,541
Jim Jeffcoat,542
Clancy Pendergast,543
Bill Bates,544
Mike Zimmer,545
Greg Seamon,546
Galen Hall,547
Wade Wilson,548
Dave Campo,549
Carl Crennel II,550
Jeff Uhlenhake,551
Ben Coates,552
Kevin Spencer,553
Phil Savage,554
Bobby Trott,555
Jerry Rosburg,556
Chris Caminiti,557
Gene Stallings,558
Jerry Tubbs,559
Ernie Stautner,560
Jim Myers,561
Tom Landry,562
Stan Jones,563
Mo Forte,564
Myrel Moore,565
Kay Dalton,566
Barney Chavous,567
Rubin Carter,568
Joe DeCamillis,569
Charlie Waters,570
Pete Carmichael,571
George Edwards,572
Glenn Smith,573
Hudson Houck,574
Joe Avezzano,575
Clarence Shelmon,576
Doc Urich,577
Nick Saban,578
Steve Hagen,579
Todd McNair,580
Butch Davis,581
Phillip Banko,582
Chuck Pagano,583
Fred Graves,584
Kennedy Polamalu,585
Jon Fabris,586
Mike Pitts,587
Jerry Holmes,588
Tony Sparano,589
Jerry Butler,590
John Hufnagel,591
Mark Michaels,592
Billy Davis,593
Gary Tranquill,594
Clarence Brooks,595
Bob Slowik,596
Dick Portee,597
Chuck Lester,598
Dick Roach,599
Ted Cottrell,600
Chuck Dickerson,601
Elijah Pitts,602
Marv Levy,603
Ryan Smith,604
Winston DeLattiboudere III,605
Brandon Schwab,606
Don Lawrence,607
Randy Brown,608
Tom Telesco,609
Roy Anderson,610
Ted Monachino,611
Dean Pees,612
Greg Mattison,613
Jason Brooks,614
Craig Ver Steeg,615
Andy Moeller,616
Wade Harman,617
Jim Zorn,618
Cam Cameron,619
Matt Weiss,620
John Harbaugh,621
Max Bowman,622
Chris Dickson,623
Bill Bradley,624
Derrick LeBlanc,625
Jay Razzano,626
Klayton Adams,627
Rob Rodriguez,628
Ronald Booker,629
Sam Siefkes,630
Spencer Whipple,631
William Peagler,632
Miller McCalmon,633
Jim Niblack,634
Art Asselta,635
Bob Leahy,636
Jim Ringo,637
Hank Bullough,638
Kay Stephenson,639
Perry Moss,640
Andy MacDonald,641
Jerry Glanville,642
Al Sandahl,643
Jim Carmody,644
Tom Catlin,645
Jack Donaldson,646
Chick Harris,647
Ray Prochaska,648
Brett Maxie,649
Emmitt Thomas,650
Chris Beake,651
Robert Prince,652
Clancy Barone,653
Jeff Jagodzinski,654
George Stewart,655
Mike Johnson,656
Ardell Wiegandt,657
Dick Moseley,658
Herb Paterra,659
Joe Faragalli,660
Jim Valek,661
Jim Wagstaff,662
Brian Natkin,663
Charlie Bullen,664
Kenny Bell,665
Cameron Turner,666
Vince Tobin,667
Dick Modzelewski,668
Forrest Gregg,669
Darrin Simmons,670
Dave McGinnis,671
Alvin Reynolds,672
Sam Mills,673
Geep Chryst,674
Danny Crossman,675
Sam Mills III,676
Ken Flajole,677
Sal Sunseri,678
Mike Trgovac,679
Mike Maser,680
Dave Magazu,681
Mike McCoy,682
Greg Roman,683
George Catavolos,684
Kevin Steele,685
Cary Godette,686
John Shoop,687
Blair Bush,688
Trent Walters,689
Jim LaRue,690
Ted Plumb,691
Martin Bayless,692
Steve Fairchild,693
Steve Kragthorpe,694
Ted Gill,695
Ronnie Vinklarek,696
Tommy Kaiser,697
Jerry Gray,698
Steve Jackson,699
Pat Thomas,700
Miles Aldridge,701
Gil Haskell,702
Eric Studesville,703
Tyke Tolbert,704
Steve Sabo,705
Danny Smith,706
O'Neill Gilbert,707
Buddy Geis,708
Gene Huey,709
Greg Blache,710
Lionel Washington,711
Brad Miller,712
Jethro Franklin,713
Stan Drayton,714
Joe Philbin,715
Jim Johnson,716
Tom Lovat,717
Jay Robertson,718
Francis Peay,719
Darrell Bevell,720
Tom Rossley,721
Mike Sherman,722
Hank Kuhlmann,723
Ben McAdoo,724
Shawn Slocum,725
Scott McCurley,726
Safeties – Darren Perry,727
Kevin Greene,728
John Rushing,729
Terry Fontenot,730
James Campen,731
Edgar Bennett,732
Eric Lewis,733
Robert Nunn,734
Mike Murphy,735
Tony Marciano,736
Jay Norvell,737
Rusty Tillman,738
Pat Ruel,739
Charlie Jackson,740
James Franklin,741
Trent Miles,742
Rich McGeorge,743
Brad Seely,744
Leon Burtnett,745
Ron Meyer,746
Greg Briner,747
Frank Kush,748
John Symank,749
Ed Khayat,750
Chuck Weber,751
Ray Wietecha,752
Dick Bielski,753
John Idzik,754
Mike McCormack,755
J. D. Helm,756
Marcus Robertson,757
Matt Burke,758
Mike Bercovici,759
Rob Grosso,760
Rusty McKinney,761
Shawn Jefferson,762
Vance Joseph,763
Steve Heiden,764
Kliff Kingsbury,765
"Frank Cignetti, Jr.",766
Brentson Buckner,767
Diron Reynolds,768
Alan Williams,769
Ricky Thomas,770
Chris Foerster,771
Clyde Christensen,772
Jim Caldwell,773
Rod Dowhower / Ron Meyer,774
Jerry Sullivan and Don Shumpert,775
Jim Dray,776
Marty Galbraith,777
Dan Daniel,778
Sean Kugler,779
Homer Smith,780
Ron Meyer / Rick Venturi,781
Richie McCabe,782
Joel Collier,783
Jerry Frei,784
Fran Polsfoot,785
Charlie Lee,786
Rex Norris,787
Don Clemons,788
Wayne Fontes,789
Don Doll,790
Ivy Williams,791
Bob Baker,792
John Fontes,793
Vic Rapp,794
Darryl Rogers,795
Bert Hill,796
Dave Jaumotte,797
Charlie Sanders,798
Ronnie Bradford,799
Jim Ryan,800
Pat McPherson,801
Jedd Fisch,802
Bobby Turner,803
Jeremy Bates,804
Rick Dennison,805
Whitey Dovell,806
Paul Roach,807
Red Miller,808
Ryan Slowik,809
Scott O'Brien,810
Mike Heimerdinger,811
Richard Selcer,812
Howard Tippett,813
Jim Eddy,814
Steve Kazor,815
Rick Smith,816
Brian Pariani,817
Gary Kubiak,818
Frank Bush,819
Mike MacIntyre,820
Vincent Brown,821
Paul Pasqualoni,822
Kacy Rodgers,823
David Lee,824
Freddie Kitchens,825
George Dyer,826
Leon Fuller,827
Ricky Porter,828
Kirk Doll,829
Jimmy Spencer,830
Tim Brewster,831
Steve Watson,832
Mike McDaniel,833
Troy Calhoun,834
Dick Jauron,835
Johnny Holland,836
Chuck Priefer,837
Larry Brooks,838
Pat Morris,839
Kevin Higgins,840
Greg Olson,841
Kevin Lartigue,842
Bobby Williams,843
Bob Schnelker,844
Daron Roberts,845
Tim Walton,846
Kris Kocurek,847
Todd Downing,848
George Yarno,849
Tim Lappano,850
Sam Gash,851
Ken Riley,852
Joe Clark,853
Virgil Knight,854
"Wayne ""Buddy"" Geis",855
Dave Hanner,856
Ross Fichtner,857
John Meyer,858
Ernie McMillan,859
Pete Kettela,860
Bart Starr,861
Chuck Knox Jr.,862
Charlie Baggett,863
Harry Sydney,864
Mouse Davis,865
Jeff Horton,866
Scott Linehan,867
Golden Pat Ruel,868
John Hadl,869
Jim Schwartz,870
Glenn Pires,871
Charles Haley,872
Mike McHugh,873
John Hilton,874
Jim Champion,875
John Brunner,876
Leeman Bennett,877
David Raih,878
Don Shumpert,879
Jordan Hogan,880
Bill Lazor,881
Mark Cotney,882
Jim Stanley,883
Chris Achuff,884
Peter Badovinac,885
Bruce DeHaven,886
Larry Marmie,887
Zerick Rollins,888
Jim Lind,889
Keith Gilbertson,890
Al Holcomb,891
Alonso Escalante,892
Ben Burress,893
Byron Leftwich,894
Charlie Harbison,895
Dave Merritt,896
Don Johnson,897
Jason Michael,898
Steve Wilks,899
Kevin Garver,900
Larry Foote,901
Ray Brown,902
Terry Allen,903
Troy Rothenbuhler,904
James Bettcher,905
Darryl Drake,906
Amos Jones,907
Kevin Ross,908
Mike Chiurco,909
Nick Rapone,910
Rick Christophel,911
Stump Mitchell,912
Kasey Dunn,913
Jerry Colquitt,914
Nolan Cromwell,915
Clayton Lopez,916
Pete Rodriguez,917
Russ Purnell,918
Ken Meyer,919
Steve Moore,920
Teryl Austin,921
Bill Laveroni,922
Mike DeBord,923
Tom Headlee,924
Mike Phair,925
Gus Bradley,926
Bob Casullo,927
Gary Reynolds,928
David Diaz–Infante,929
Jon Boone,930
Dan Quinn,931
Craig Johnson,932
Mike Munchak,933
Sherman Smith,934
Chuck Cecil,935
Jim Washburn,936
Norm Chow,937
Charlie Williams,938
Rod Marinelli,939
Wendell Avery,940
Bob Gambold,941
Ed Biles,942
Andy Bourgeois,943
Phil Krueger,944
Abe Gibron,945
George Chaump,946
Boyd Dowler,947
Bill Nelsen,948
John McKay,949
Bob Bowser,950
Bart Andrus,951
Doug Shively,952
Ken Clarke,953
Rodney Stokes,954
Bill Clay,955
Joe Kines,956
Mike DuBose,957
John Bobo,958
Maxie Baughan,959
Mike Caldwell,960
Jeff FitzGerald,961
Tom Schertz,962
Tim Harkness,963
Morris Watts,964
Joe Barry,965
Kent Johnston,966
Dr. Tony Yates,967
Jason Seidling,968
Jack Christiansen,969
Jack Patera,970
Jaime Hill,971
Gregg Smith,972
Larry Mac Duff,973
Jamie Christian,974
Dick Tomey,975
Al Simmons,976
Greg McMackin,977
Jason Tarver,978
Eric Yarber,979
Jerry Olsavsky,980
Scottie Montgomery,981
Dennis Erickson,982
Dave Brown,983
Rich Olson,984
Paul Moyer,985
Arnie Matsumoto,986
Fritz Shurmur,987
Chad Grimm,988
Deshea Townsend,989
Frank Reich,990
John McNulty,991
Cas Banaszek,992
Ron Aiken,993
Tommie Robinson,994
Chris Miller,995
Barrett Ruud,996
D. J. Williams,997
Dave Huxtable,998
Jeff Ulbrich,999
Jacquies Smith,1000
Fred O'Connor,1001
Jack Burns,1002
Marvin Bass,1003
Don Strock,1004
Rennie Simmons,1005
Ed West,1006
Curtis Modkins,1007
Thom Kaumeyer,1008
Rick Courtright,1009
Dennis Thurman,1010
Leon McLaughlin,1011
Mal Moore,1012
Rob Ryan,1013
Rex Ryan,1014
George Martinez,1015
Dick Jamieson,1016
Ron Milus,1017
Mike Devlin,1018
Mike Rutenberg,1019
John Timu,1020
Justin Hood,1021
Kevin Koger,1022
Raheem Morris,1023
Michael Pitre,1024
Zac Robinson,1025
Nate Ollie,1026
Nick Jones,1027
Patrick Kramer,1028
Dwayne Ledford,1029
Marquice Williams,1030
Kirk Olivadotti,1031
Richmond Flowers III,1032
Sean McVay,1033
Jon Embree,1034
Keenan McCardell,1035
Matt LaFleur,1036
Kyle Shanahan,1037
Mike Kruczek,1038
Carl Hargrave,1039
Everett Lindsay,1040
Bill Khayat,1041
Richard Solomon,1042
Kevin Ramsey,1043
Pete Hoener,1044
Pat Flaherty,1045
Norv Turner,1046
DeChon Burns,1047
John Hunt,1048
Lawson Holland,1049
Steve Spurrier Jr.,1050
Noah Brindise,1051
Steve Spurrier,1052
Tim Berbenich,1053
T. J. Yates,1054
Chandler Whitmer,1055
Jimmy Lake,1056
Ike Hilliard,1057
Jay Rodgers,1058
Richie Petitbon,1059
George Dickson,1060
Greg Manusky,1061
Shawn Flaherty,1062
Ryan Nielsen,1063
Arthur Smith,1064
Justin Peelle,1065
Lanier Goethie,1066
Dave Ragone,1067
Mateo Kambui,1068
Chris Garber,1069
John Palmero,1070
Chris Meidt,1071
Scott Wachenheim,1072
Stan Hixon,1073
Matt Pees,1074
Nick Perry,1075
Rayna Stewart,1076
Tim Hauck,1077
Richie Wessman,1078
John Zernhelt,1079
Dowell Loggains,1080
Charles London,1081
Keith Armstrong,1082
Joe Haering,1083
Bobby April,1084
Will Lewis,1085
Danny Breyer,1086
Gary Emanuel,1087
Jon Hoke,1088
Mario Jeberaeel,1089
Nick Edwards,1090
Claude Humphrey,1091
Tim Marcum,1092
Garry Puetz,1093
Bob Fry,1094
Brian Xanders,1095
John North,1096
Gary Zauner,1097
Steve Loney,1098
Robert Ford,1099
Joe Madden,1100
Sam Elliott,1101
Wayne McDuffie,1102
Chandler Henley,1103
Dave Brock,1104
Des Kitchings,1105
Aden Durde,1106
Bernie Parmalee,1107
Bob Kronenberg,1108
Chad Walker,1109
Chris Morgan,1110
Dirk Koetter,1111
Doug Mallory,1112
Jess Simpson,1113
Joe Whitt Jr.,1114
Lance Schulters,1115
Tosh Lupoi,1116
Steve Scarnecchia,1117
Ben Kotwica,1118
Jerome Henderson,1119
Bryant Young,1120
Marquand Manuel,1121
Kyle Flood,1122
Steve Sarkisian,1123
Bush Hamdan,1124
Charlie Weis Jr.,1125
Keith Carter,1126
Bryan Cox,1127
Rich Scangarello,1128
Corey Matthaei,1129
Jeff Nixon,1130
Rory Segrest,1131
Otis Smith,1132
Sean McDermott,1133
Bill Shuey,1134
Pete Jenkins,1135
Matt Nagy,1136
James Urban,1137
Juan Castillo,1138
Tom Melvin,1139
Ted Williams,1140
Pat Shurmur,1141
Andy Reid,1142
Brian Stewart,1143
Doug Pederson,1144
Mike Reed,1145
Steve Spagnuolo,1146
Brad Childress,1147
Dave Toub,1148
Ron Rivera,1149
Andrew Thacker,1150
Andrew Weidinger,1151
Chris Scelfo,1152
Gerald Brown,1153
Glenn Thomas,1154
Joe Danna,1155
Mike Smith,1156
Mark Collins,1157
Mike Tice,1158
Paul Dunn,1159
Devin Bonik,1160
Brian VanGorder,1161
Adam Schrack,1162
Brendan Clark,1163
Zachary Orr,1164
Chuck Smith,1165
Daniel Stern,1166
Dennis Johnson,1167
Donald D'Alesio,1168
George Godsey,1169
Greg Lewis,1170
Ian Kolste,1171
Matt Robinson,1172
Megan Rosburg,1173
Tee Martin,1174
Todd Monken,1175
Travelle Wharton,1176
Travis Switzer,1177
Tyler Santucci,1178
Willie Taggart,1179
Chris Horton,1180
Chris Hewitt,1181
Kevin Hartman,1182
Mark DeLeone,1183
Anthony Weaver,1184
Mike Macdonald,1185
Dennard Wilson,1186
Joe D'Alessandris,1187
Keith Williams,1188
Kerry Dixon,1189
D'Anton Lynn,1190
Rob Leonard,1191
Don Martindale,1192
Bobby Engram,1193
Dan Parsons,1194
Drew Wilkins,1195
Jay Peterson,1196
Richard Angulo,1197
Andy Bischoff,1198
Jesse Minter,1199
Joe Cullen,1200
Sterling Lucas,1201
performance – Brian Ellis,1202
T. J. Weist,1203
Thomas Hammock,1204
Todd Washington,1205
John Egorugwu,1206
Jay Harbaugh,1207
Tom Quinn,1208
Andre Curtis,1209
David Merritt,1210
Mike Waufle,1211
Sean Ryan,1212
Robert Nickens,1213
Jerald Ingram,1214
Adam Henry,1215
Austin Gund,1216
Bob Babich,1217
DJ Mangas,1218
Jahmile Addae,1219
Jason Rebrovich,1220
Joe Brady,1221
Kelly Skipper,1222
Kyle Shurmur,1223
Marc Lubick,1224
Marcus West,1225
Mike Pellegrino,1226
Rob Boras,1227
Ronald Curry,1228
Chris Tabor,1229
Christian Taylor,1230
Matt Edwards,1231
Scott Booker,1232
Matthew Smiley,1233
Eric Washington,1234
Jaylon Finner,1235
John Butler,1236
Ken Dorsey,1237
Chad Hall,1238
Jim Salgado,1239
Ryan Wendell,1240
Bobby Johnson,1241
Jacques Cesaire,1242
Brian Daboll,1243
Heath Farwell,1244
Shea Tierney,1245
Aaron Whitecotton,1246
Bill Teerlinck,1247
Matt Worswick,1248
Terry Heffernan,1249
Andrew Dees,1250
Gill Byrd,1251
Phil McGeoghan,1252
Bobby April III,1253
Ed Reed,1254
Jason Vrable,1255
Jeff Weeks,1256
John Blake,1257
Kathryn Smith,1258
Pat Meyer,1259
Sanjay Lal,1260
Tim McDonald,1261
Tony Sparano Jr.,1262
Deuce Schwartz,1263
Karl Dunbar,1264
Kurt Anderson,1265
Michael Hamlin,1266
Mike Henning,1267
Eric Price,1268
Mose Rison,1269
Donnie Henderson,1270
Greg Adkins,1271
Nathaniel Hackett,1272
Pepper Johnson,1273
Rob Moore,1274
Samson Brown,1275
Stephen Brown,1276
Thad Bogardus,1277
Tyrone Wheatley,1278
Mike Pettine,1279
Jim O'Neil,1280
Adrian White,1281
Bob Bicknell,1282
Dave Wannstedt,1283
Charles Huff,1284
Eric Thatcher,1285
Giff Smith,1286
Kevin Patullo,1287
Pete Metzelaars,1288
William Inge,1289
George Cortez,1290
Brian Smith,1291
Mark Carrier,1292
A.C. Carter,1293
Bill Callahan,1294
Daren Bates,1295
Ejiro Evero,1296
Dean Petzing,1297
Jonathan Cooley,1298
Dave Canales,1299
Joe Gilbert,1300
Brad Idzik,1301
Kevin Peterson,1302
Keyshawn Colmon,1303
Mayur Chaudhari,1304
Peter Hansen,1305
Renaldo Hill,1306
Todd Wash,1307
Tracy Smith,1308
Will Harriger,1309
Bert Watts,1310
Bobby Maffei,1311
DeAngelo Hall,1312
Keli'i Kekuewa,1313
Nate Carroll,1314
Tem Lukabu,1315
Duce Staley ; fired on November 27,1316
Jamel Mutunga,1317
John Lilly,1318
Josh McCown ; fired on November 27,1319
Thomas Brown,1320
Robert Kugler,1321
Parks Frazier,1322
Tyler Boyles,1323
Mike Siravo,1324
Jody Owens,1325
Joe Dailey,1326
Matt Lombardi,1327
Rob Dvoracek,1328
Terrance Knighton,1329
Phil Snow,1330
Brian Angelichio,1331
Cedric Whitaker,1332
Jason Simmons,1333
Evan Cooper,1334
Frank Okam,1335
Frisman Jackson,1336
Matt Rhule,1337
Matthew Delgado,1338
Chase Blackburn,1339
EJ Barthel,1340
Jake Peetz,1341
Marcus Satterfield,1342
Everette Brown,1343
Jerricho Cotchery,1344
Linda O'Hora,1345
Perry Fewell,1346
Richard Rodgers,1347
Scott Turner,1348
Steve Russ,1349
Vincent Rivera,1350
Brady Hoke,1351
Jeff Imamura,1352
Lance Taylor,1353
Curtis Fuller,1354
Richard Rodgers Sr.,1355
Thomas McGaughey,1356
Richard Bisaccia,1357
Jay Gruden,1358
Michael Christianson,1359
Art Valero,1360
Stan Parrish,1361
Ricky Proehl,1362
Jon Gruden,1363
Coy Gibbs,1364
Earnest Byner,1365
Brian Murphy,1366
Warren Belin,1367
Al Harris,1368
Antwaan Randle El,1369
Cannon Matthews,1370
Dan Roushar,1371
Ben Johnson,1372
Declan Doyle,1373
Eric Bieniemy,1374
Jeremy Garrett,1375
JT Barrett,1376
Kenny Norton III,1377
Kevin Koch,1378
Kyle DeVan,1379
Matt Giordano,1380
Press Taylor,1381
Richard Hightower,1382
Robbie Picazo,1383
Zach Cable,1384
Brian Bing,1385
Chad Morton,1386
Dave Borgonzi,1387
David Overstreet II,1388
Matt Eberflus,1389
Jason Houghtaling,1390
Jennifer King,1391
Kerry Joseph,1392
Chris Beatty,1393
Shane Waldron,1394
Travis Smith,1395
Andrew Janocko,1396
David Walker ; fired on November 1,1397
Alan Williams ; resigned on September 20,1398
Justin Hinds,1399
Luke Steckel,1400
Luke Getsy,1401
Omar Young; Running backs coach from November 1,1402
Sean Magee,1403
Tim Zetts,1404
Austin King,1405
David Walker,1406
James Rowe,1407
Omar Young,1408
Ronell Williams,1409
Sean Desai,1410
Bill McGovern,1411
Chris Jackson,1412
Chris Rumph,1413
Henry Burris,1414
John DeFilippo,1415
Mike Adams,1416
Mike Furrey,1417
Mike Harris,1418
Mike Snyder,1419
Donovan Raiola,1420
Harry Hiestand,1421
Jamie Kohl,1422
Mark Helfrich,1423
Shane Toub,1424
Brandon Staley,1425
Ben McDaniels,1426
Ben Wilkerson,1427
Jeremiah Washburn,1428
Zach Azzanni,1429
Clint Hurtt,1430
John Dunn,1431
Sam Garnes,1432
Mike Singletary,1433
Bo Hardegree,1434
Adam Gase,1435
Mike Groh,1436
Carson Walch,1437
Reggie Herring,1438
Skip Peete,1439
Michael Sinclair,1440
Tim Tibesar,1441
Andrew Hayes–Stoker,1442
Shane Day,1443
Mark Nori,1444
Robert Talley,1445
Pep Hamilton,1446
Jim Tomsula,1447
Jim Mora Jr,1448
Mikal Smith,1449
A.J. Christoff,1450
Manny Rivera,1451
Tim Holt,1452
Tim Spencer,1453
Brad Kragthorpe,1454
Charles Burks,1455
Al Golden,1456
Jerry Montgomery,1457
Fredi Knighten,1458
James Casey,1459
Zac Taylor,1460
Jordan Kovacs,1461
Jordan Salkin,1462
Justin Hill,1463
Dan Pitcher,1464
Michael Hodges,1465
Michael McCarthy,1466
Mike Moon,1467
Scott Peters,1468
Troy Walters,1469
Justin Rascati,1470
Lou Anarumo,1471
Derek Frazier,1472
Frank Pollack,1473
Ronnie Regula,1474
Brian Callahan,1475
Robert Livingston,1476
Ben Martin,1477
Gerald Chatman,1478
Jemal Singleton,1479
Jim Turner,1480
Nick Eason,1481
Bill Nayes,1482
Alex Van Pelt,1483
Daronte Jones,1484
Brayden Coombs,1485
Kyle Caskey,1486
Marcus Lewis,1487
Robert Couch,1488
David Lippincott,1489
Brian Braswell,1490
Brian Schneider,1491
Rocky Seto,1492
Kris Richard,1493
Ken Norton Jr.,1494
Luke Butkus,1495
Adam Zimmer,1496
Vantz Singletary,1497
Adam Morris,1498
Anthony Fabiano,1499
Bill Musgrave,1500
Brandon Lynch,1501
Ray Ventrone,1502
Christian Jones,1503
Duce Staley,1504
Ephraim Banda,1505
Jeff Anderson,1506
Kevin Stefanski,1507
Mike Bloomgren,1508
Nemo Washington,1509
Nick Charlton,1510
Tommy Rees,1511
Stephen Bravo–Brown,1512
Chad O'Shea,1513
Zach Dunn,1514
Andy Dickerson,1515
Ashton Grant,1516
Callie Brownson,1517
Jordan Thomas,1518
Roy Istvan,1519
Raymond Ventrone,1520
Ben Bloom,1521
Jonathan Decoster,1522
T. C. McCartney,1523
Joe Woods,1524
Chris Kiffin,1525
Jeff Howard,1526
Kevin Rogers,1527
Mike Priefer,1528
Ryan Cordell,1529
Seitu Smith,1530
Chris Jones,1531
DeWayne Walker,1532
Jeff Blasko,1533
Jody Wright,1534
John Parrella,1535
Kyohei Kosaka,1536
Ryan Hollern,1537
Ryan Lindley,1538
Tyler Tettleton,1539
Blake Williams,1540
Clyde Simmons,1541
Eric Sanders,1542
Jerod Kruse,1543
Ken Delgado,1544
Mark Hutson,1545
Stan Watson,1546
Ian Jones,1547
Rock Cartwright,1548
Aaron Glenn,1549
Bill Kuharich,1550
Brian Fleury,1551
Chuck Driesbach,1552
Frank Edgerly,1553
Jeff Hafley,1554
Joker Phillips,1555
Kevin O'Connell,1556
Kurt Roper,1557
Ryan Downard,1558
Tony Tuioti,1559
Aubrey Pleasant,1560
Shane Steichen,1561
Steve Gera,1562
Chuck Bullough,1563
Gary Brown,1564
Bryan Bing,1565
Conor Riley,1566
Darian Thompson,1567
Dele Harding,1568
Derrick Foster,1569
JJ Clark,1570
Junior Adams,1571
Lunda Wells,1572
Nick Sorensen,1573
Ramon Chinyoung,1574
Steve Shimko,1575
Tiquan Underwood,1576
Chase Haslett,1577
Eric Simonelli,1578
Evan Harrington,1579
Greg Ellis,1580
Jeff Zgonina,1581
John Fassel,1582
Ryan Feder,1583
Scott Tolzien,1584
Braylon Tatum,1585
Laura Fryar,1586
Pete Ohnegian,1587
Sharrif Floyd,1588
Doug Nussmeier,1589
Kellen Moore,1590
Leon Lett,1591
Adam Kleffner,1592
Andre Gurode,1593
Greg Jackson,1594
Jon Kitna,1595
Jason Garrett,1596
Kyle Valero,1597
Marc Colombo,1598
Keith O'Quinn,1599
Ken Amato,1600
Derek Dooley,1601
Rich Bisaccia,1602
Turner West,1603
Kevin Carberry,1604
Wes Phillips,1605
Carlos Woods,1606
Ray Rychleski,1607
Jim Bob Cooter,1608
Ron Prince,1609
Ron Turner,1610
Addison Lynch,1611
Brian Niedermeyer,1612
Jim Leonhard,1613
Evan Rothstein,1614
Isaac Shewmaker,1615
Jamar Cain,1616
Jeff Schmedding,1617
Keary Colbert,1618
Logan Kilgore,1619
Lou Ayeni,1620
Paul Kelly,1621
Ray Jackson,1622
Davis Webb,1623
Zach Strief,1624
Zach Line,1625
Darren Rizzi,1626
Zack Grossi,1627
Favian Upshaw,1628
Michael Wilhoite,1629
Christian Parker,1630
Marcus Dixon,1631
Andre Carter,1632
DeAndre Thompson,1633
Jake Moreland,1634
Mike Mallory,1635
Justin Outten,1636
Klint Kubiak,1637
Ola Adams,1638
special projects – Mayur Chaudhari,1639
Chris Kuper,1640
Mike Hiestand,1641
Nathaniel Willingham,1642
Tom McMahon,1643
Charles Gordon,1644
Chris Strausser,1645
Christopher Kragthorpe,1646
Lucious Selmon,1647
Randy Edsall,1648
Phil Rauscher,1649
Brock Olivo,1650
James Cregg,1651
Mark Thewes,1652
August Mangin,1653
Kelvin Sheppard,1654
Dan Campbell,1655
David Corrao,1656
David Shaw,1657
Dré Thompson,1658
Justin Mesa,1659
Hank Fraley,1660
Dave Fipp,1661
Mark Brunell,1662
Marques Tuiasosopo,1663
Seth Ryan,1664
Shaun Dion Hamilton,1665
Steve Oliver,1666
Tashard Choice,1667
Tyler Roehl,1668
Cameron Davis,1669
Tanner Engstrand,1670
J. T. Barrett,1671
Terrell Williams,1672
Brian Duker,1673
Dré Bly,1674
John Scott Jr.,1675
Wayne Blair,1676
Deon'tae Pannell,1677
Stephen Thomas,1678
Billy Yates,1679
Bo Davis,1680
Steve Gregory,1681
Tony Carter,1682
Tyrone McKenzie,1683
Chris White,1684
Matt Patricia,1685
Leon Washington,1686
Brian Picucci,1687
Derius Swinton II,1688
Joe Marciano,1689
Steven Williams,1690
Bill Sheridan,1691
Devin Fitzsimmons,1692
Ryan Silverfield,1693
Ivan Fears,1694
Bradford Banta,1695
Brandon Fisher,1696
Dick MacPherson,1697
Rick Lantz,1698
Babe Parilli,1699
Norm Gerber,1700
Patrick Graham,1701
Josh Boyer,1702
Bill O'Brien,1703
Ben Sirmans,1704
Connor Lewis,1705
Cory Harkey,1706
Kevin Bickers,1707
Nick Caserio,1708
Josh McDaniels,1709
DeMarcus Covington,1710
Eddie Gordon,1711
Jeff Koonz,1712
Jeremiah Kolone,1713
Adam Stenavich,1714
Derrick Ansley,1715
Ryan Mahaffey,1716
Sean Duggan,1717
Sean Mannion,1718
Vince Oghobaase,1719
Wendel Davis,1720
Anthony Perkins,1721
Anthony Campanile,1722
Kyle Wilber,1723
Myles White,1724
Quinshon Odom,1725
Micheal Spurlock,1726
Ramsen Golpashin,1727
Maurice Drayton,1728
Ruvell Martin,1729
Shawn Mennenga,1730
Alvis Whitted,1731
Tim McGarigle,1732
Steve Marshall,1733
Joel Hilgenberg,1734
Ben Bolling,1735
Cole Weeks,1736
DeMeco Ryans,1737
Danny Barrett,1738
Nick Caley,1739
Dino Vasso,1740
Cole Popovich,1741
Jerrod Johnson,1742
Jerry Schuplinski,1743
Frank Ross,1744
Rod Wright,1745
Sean Baker,1746
Stephen Adegoke,1747
Zach Yenser,1748
Will Burnham,1749
Leander Wallace,1750
Ryan Milus,1751
DeNarius McGhee,1752
Ilir Emini,1753
Kenyon Jackson,1754
Miles Smith,1755
Allen Smith,1756
Bobby King,1757
Tim Kelly,1758
Akeem Dent,1759
John Perry,1760
Matt O'Donnell,1761
Will Lawing,1762
Anthony Midget,1763
Doug West,1764
John Aylward,1765
Andre Johnson,1766
Wes Welker,1767
Doug Colman,1768
Mike Vrabel,1769
Larry Izzo,1770
Pat O'Hara,1771
Shane Bowen,1772
Anthony Pleasant,1773
Bob Ligashesky,1774
Dan Hammerschmidt,1775
John Benton,1776
Karl Dorrell,1777
Perry Carter,1778
Taylor Porter,1779
Brent Jackson,1780
Brent Stocksill,1781
Brian Bratton,1782
Cato June,1783
Billy Kinard,1784
Tom Yewcic,1785
Charlie Partridge,1786
Chris Watt,1787
DeAndre Smith,1788
Kalon Humphries,1789
Alex Tanney,1790
Reggie Wayne,1791
Brian Mason,1792
T. J. Ingels,1793
Tom Manning,1794
Justin Hamilton,1795
Cam Turner,1796
Mike Mitchell,1797
Payton McCollum,1798
Jeff Saturday,1799
Kevin Mawae,1800
Scott Milanovich,1801
Tyrone Willingham,1802
Pete Bercich,1803
Randy Hanson,1804
John Tice,1805
Dean Dalton,1806
Brian Billick,1807
Marcus Brady,1808
Jim Panagos,1809
Nick Sirianni,1810
Gunnard Twyner,1811
Bubba Ventrone,1812
Dave DeGuglielmo,1813
Paul Ferraro,1814
Brendan Daly,1815
Clay Matchett and Chad O'Shea,1816
Jim Hueber,1817
Jimmie Johnson,1818
Darrell Wyatt,1819
Todd Nielson,1820
Ryan Ficken,1821
Robert Mathis,1822
Brad White,1823
Frank Giufre,1824
Chris DiSanto,1825
Derek Mason,1826
Dennis Polian,1827
Jeff Popovich,1828
Jim Herrmann,1829
Shawn Terlecky,1830
Lee Hull,1831
Jerry Brown,1832
Bus Mertes,1833
Mark Jackson,1834
Steve Endicott,1835
Cleve Bryant,1836
Sean Gustus,1837
Mike Judge,1838
Marwan Maalouf,1839
Drew Lascari,1840
Fred Walker,1841
Liam Coen,1842
Grant Udinski,1843
John Van Dam,1844
Kevin Wilkins,1845
Shaun Sarrett,1846
Andrew Breiner,1847
Cory Robinson,1848
Luke Thompson,1849
Greg Austin,1850
Matt House,1851
Mike Gray,1852
Patrick Reilly,1853
Vacant,1854
Cody Grimm,1855
Nick Holz,1856
Nick Williams,1857
Tony Gilbert,1858
Sean Cullina,1859
Carlos Polk,1860
Urban Meyer,1861
Charlie Strong,1862
Chris Ash,1863
Jim Reid,1864
Steve Bush,1865
Tyler Brown,1866
Zach Orr,1867
Chris O'Hara,1868
Denard Robinson,1869
Dwayne Stukes,1870
Mike Dumas,1871
Marvin Marshall,1872
Tim Davis,1873
John Bonamego fired on October 5th,1874
Dave Szott,1875
Corwin Brown,1876
Brian Flores,1877
Bill Lewis,1878
Randy Shannon,1879
Pat Jones,1880
Tony Wise,1881
ElizaBeth Mayers,1882
John Gamble,1883
Jeff Dellenbach,1884
James Coley,1885
Kirby Smart,1886
Ron Middleton,1887
John Donovan,1888
Tyler Wolf,1889
Dan Shamash,1890
Daniel Bullocks,1891
Robert Saleh,1892
Scottie Hazelton,1893
Tony Sorrentino,1894
Frank Scelfo,1895
Jerry Richardson,1896
Greg Burns,1897
Chris Wiesehan,1898
Matt Applebaum,1899
Chris Mosley,1900
Steve Logan,1901
Jay Kaiser,1902
Brandon Blaney,1903
Andy Heck,1904
Charlie Skalaski,1905
Paul Spicer,1906
Johnny Cox,1907
Matt Griffin,1908
Mike Eubanks,1909
Ron Heller,1910
Alex Whittingham,1911
Chris Orr,1912
Connor Embree,1913
Dan Williams,1914
David Girardi,1915
Kevin Saxton,1916
Rod Wilson,1917
Joe Bleymaier,1918
Todd Pinkston,1919
Porter Ellett,1920
Terry Bradden,1921
Doug Plank,1922
Kerry Locklin,1923
Noel Mazzone,1924
Mike Kafka,1925
Sam Madison,1926
Britt Reid,1927
Deland McCullough,1928
"Jack Bicknell, Jr.",1929
Brian Ferentz,1930
Richie Anderson,1931
Jay Mandolesi,1932
"Kevin Gilbride, Jr.",1933
Jay Valai,1934
Joe Blaymeir,1935
Kyle Childress,1936
Taylor Embree,1937
Eugene Chung,1938
Joe D’Orazio,1939
Gerald Carr,1940
Jim Bollman,1941
Mike Zordich,1942
Pat Perles,1943
Beyah Rasool,1944
Mike Kelly,1945
Ryan Paganetti,1946
John Glenn,1947
Kyle Fuller,1948
Rip Rowan,1949
Brennan Carroll,1950
Sean Binckes,1951
Cadillac Williams,1952
De'Andre Pierce,1953
Gerald Alexander,1954
Antonio Pierce,1955
Mitch Singler,1956
Ricky Manning,1957
Cameron Clemmons,1958
Carmen Bricillo,1959
Danny Amendola,1960
Keith Heyward,1961
Mick Lombardi,1962
Taver Johnson,1963
Tom Cable,1964
Lemuel Jeanpierre,1965
Marco Coleman,1966
"Ken Norton, Jr.",1967
Brent Vieselmeyer,1968
Nate Tice,1969
Rod Woodson,1970
Sam Anno,1971
Justin Griffith,1972
Ted Gilmore,1973
Greg Biekert,1974
Mike Clark,1975
Steve Wisniewski,1976
Adam Fuller,1977
Jim Harbaugh,1978
Jeff Carpenter,1979
Josh Hammond,1980
Kiel McDonald,1981
Mike Elston,1982
NaVorro Bowman,1983
Nick Hardwick,1984
Robert Muschamp,1985
Steve Clinkscale,1986
Will Tukuafu,1987
Chris O'Leary,1988
Jonathan Goodwin,1989
Phil Serchia,1990
Brendan Nugent,1991
Tom Donatell,1992
Pat White,1993
Tom Arth,1994
Will Harris,1995
Cody Cejda,1996
Jim Chaney,1997
Wayne Moses,1998
La'Roi Glover,1999
Mark Ridgley,2000
Keith Burns,2001
Chris Harris,2002
Eric Henderson,2003
Chris Shula,2004
Craig Aukerman,2005
Byron Storer,2006
George McDonald,2007
Cris Dishman,2008
Joe Coniglio,2009
Mike LaFleur,2010
Rob Calabrese,2011
Ron Gould,2012
Scott Huff,2013
Nathan Scheelhaase,2014
Zak Kromer,2015
David Gibbs,2016
Keith Millard,2017
Roman Phifer,2018
Terry Tumey,2019
Fred Reed,2020
Tim Martz,2021
Mike Barry,2022
Jim Colletto,2023
Pat Carter,2024
Kenneth Black,2025
Ra'Shaad Samples,2026
Skyler Jones,2027
Barrett Trotter,2028
Chris Weinke,2029
Kenan Smith,2030
Paul T Boudreau,2031
Joe Bowden,2032
"Paul Boudreau, Jr.",2033
Frank Leonard,2034
Austin Clark,2035
Butch Barry,2036
DeShawn Shead,2037
Jonathan Krause,2038
Kynjee Cotton,2039
Mathieu Araujo,2040
Dick Curl,2041
Roman Sapolu,2042
Mike Cox,2043
Keith Murphy,2044
Rob Everett,2045
Ryan Crow,2046
Joe Kasper,2047
Josh Grizzard,2048
Kenny Baker,2049
Kolby Smith,2050
Steve Donatell,2051
Mike Person,2052
Patrick Surtain,2053
Steve Ferentz,2054
Charlie Frye,2055
Curt Kuntz,2056
Lance Bennett,2057
Robby Brown,2058
Don Martin,2059
Jeff Burris,2060
Ken O'Keefe,2061
Mike Wahle,2062
Blue Adams,2063
Bruce Matthews,2064
Tony Sparano Jr,2065
Bobby Petrino,2066
Lane Kiffin,2067
Garrick McGee,2068
Ben Ellefson,2069
Jordan Traylor,2070
Chenzo Funari,2071
Mike London,2072
Tracy Simien,2073
Derron Montgomery,2074
Henry Schneider IV,2075
Imarjaye Albury Sr.,2076
Josh McCown,2077
Michael Hutchings,2078
Patrick Hill,2079
Matt Daniels,2080
Imarjaye Albury,2081
A'Lique Terry,2082
Mike Ketchum,2083
Nate Wainright,2084
Dedric Ward,2085
Vernon Stephens,2086
Paul Haynes,2087
Charles Banks,2088
AC Patterson,2089
Karl Scott,2090
Ben Albert,2091
Anthony Lomando,2092
Dave Campo and Dick Nolan,2093
Joe Brodsky,2094
Steve Ortmayer,2095
Nate Kaeding,2096
Robert Rodriguez,2097
Darrell Hazell,2098
Terence Newman,2099
Bob Young,2100
Frank Novak,2101
Joe Galat,2102
Hugh Campbell,2103
Bruce Lemmerman,2104
Bob Padilla,2105
Ken Houston,2106
John Devlin,2107
Ralph Staub,2108
Gene Gaines,2109
Gary Huff,2110
Ed Sidwell,2111
Chuck Banker,2112
Charley Taylor,2113
Mel Renfro,2114
Bill Atkins,2115
Rudy Feldman,2116
Harry Gilmer,2117
Gene Stallings  Hank Kuhlmann,2118
Jim Hanifan and Rennie Simmons,2119
Wayne Sevier,2120
Duane Putnam,2121
signed with the Detroit Lions,2122
Margie Smith,2123
Robb Akey,2124
Marv Goux,2125
Bruce Snyder,2126
Jon Robinson,2127
Craig Dickenson,2128
Paul Chryst,2129
Mike Sanford,2130
Andrew McClave,2131
James Lofton,2132
Mark Banker,2133
DelVaughn Alexander,2134
Jack Snow,2135
Albert Lewis,2136
Greg Gaines,2137
Clint McMillan,2138
Kevin Richardson,2139
Riley Larkin,2140
Artie Gigantino,2141
Jeremy Springer,2142
Chris Turner,2143
Michael Ketchum,2144
Chris Griswold,2145
Tony Dews,2146
Zak Kuhr,2147
Brian Belichick,2148
Jerod Mayo,2149
Dont'a Hightower,2150
Charles Coe,2151
Matthew Slater,2152
Tyler Hughes,2153
Vinny DePalma,2154
Robin Ross,2155
Adrian Klemm,2156
Berj Najarian,2157
Cam Achord,2158
Jimmy Warren,2159
Chet Franklin / Willie Brown,2160
Sam Boghosian / Art Shell,2161
Bo Jackson,2162
Robert Jenkins,2163
Jim Michalczik,2164
Keith Jones,2165
Ross Douglas,2166
Troy Brown,2167
Vinnie Sunseri,2168
Joe Judge,2169
Steve Belichick,2170
V'Angelo Bentley,2171
Marv Braden,2172
Greg Schiano,2173
Bob Fraser,2174
Bret Bielema,2175
Carter Sheridan,2176
Michael Lombardi,2177
Adam Gristick,2178
Brian Young,2179
Jahri Evans,2180
Joel Thomas,2181
Mike Martin,2182
Peter Sirmon,2183
T. J. Paganetti,2184
Phil Galiano,2185
Tobijah Hughley,2186
Kevin Petry,2187
Kodi Burns,2188
Sterling Moore,2189
Leigh Torrence,2190
James Willis,2191
Mike Neu,2192
Wesley McGriff,2193
Cade Knox,2194
Grant Morgan,2195
James Ferentz,2196
Ladell Betts,2197
Michael Ghobrial,2198
Angela Baker,2199
Michael Treier,2200
Chris Smith,2201
Anthony Blevins,2202
Burton Burns,2203
Carter Blount,2204
Jeremy Pruitt,2205
Kevin Sherrer,2206
Rob Sale,2207
Russ Callaway,2208
Sean Spencer,2209
Bobby Blick and Nick Williams,2210
Mike Treier,2211
Bobby Blick,2212
Henry Baker,2213
Mike Dawson,2214
Ryan Roeder,2215
Aaron Curry,2216
Junior Taylor,2217
Nic McKissic–Luke,2218
Roosevelt Williams,2219
Chris Banjo,2220
Ryan Davis Sr,2221
Shaq Wilson,2222
Brant Boyer,2223
Walter Kusmirek,2224
Billy VandeMerkt,2225
Greg Scruggs,2226
Ricky Manning Jr.,2227
Chip Vaughn,2228
John Beck,2229
Miles Austin,2230
"Bo Hardegree , Chris Kragthorpe, and Hines Ward",2231
"Robby Brown, Blake Williams, and Eric Sanders",2232
Tim Atkins,2233
Daylon McCutcheon,2234
Marcel Shipp,2235
Cedric Smith,2236
Kavan Latham,2237
Jamey Mroz,2238
Pierre Ngo,2239
Aaron Moorehead,2240
Eric Dickerson,2241
Montgomery VanGorder,2242
Scot Loeffler,2243
Tyler Scudder,2244
Tyler Yelk,2245
Jeff Stoutland,2246
Joe Pannunzio,2247
Michael Clay,2248
D. J. Eliot,2249
D.K. McDonald,2250
Brian Johnson,2251
Mike DiAngelo,2252
Tracy Rocker,2253
Matthew Harper,2254
Mike Bartrum,2255
Nathan Ollie,2256
Phillip Daniels,2257
Spencer Phillips,2258
Chris Wilson,2259
Gunter Brewer,2260
Chip Kelly,2261
Jerry Azzinaro,2262
Rick Minter,2263
Ryan Day,2264
John Lovett,2265
Todd Lyght,2266
Erik Chinander,2267
Denzel Martin,2268
Eddie Faulkner,2269
Isaac Williams,2270
Luke Smith,2271
David Corley,2272
Matt Tomsho,2273
Matt Canada,2274
Blaine Stewart,2275
David Corley Jr.,2276
Matt Symmes,2277
Tom Bradley,2278
Joey Porter,2279
Carnell Lake,2280
Steve Meyer,2281
Dr. Mark Duca,2282
Ryan Scarpino,2283
Jacob Webster,2284
Jake Lynch,2285
Joe Graves,2286
Klay Kubiak,2287
Leonard Hankerson,2288
Miguel Reveles,2289
Patrick Hagedorn,2290
Robert Turner Jr,2291
Ronald Blair III,2292
Brian Griese,2293
K. J. Wright,2294
Darryl Tapp,2295
Katie Sowers,2296
Crowley Hanlon,2297
Eric Wolford,2298
Scott Brown,2299
Jim Leavitt,2300
Reggie Davis,2301
Richmond Flowers,2302
Paul Wulff,2303
Chris Partridge,2304
Josh Bynes,2305
Mack Brown,2306
Michael Byrne,2307
Neiko Thorpe,2308
Rob Caprice,2309
Tyson Prince,2310
Ryan Grubb,2311
Zak Hill,2312
BT Jordan,2313
Damione Lewis,2314
Austin Davis,2315
Keli'i Kekuewa and Kerry Joseph,2316
Micheal Barrow,2317
Lofa Tatupu,2318
Bryan McClendon,2319
Jeff Kastl,2320
Joey Fitzgerald,2321
Kefense Hynson,2322
Rashad Johnson,2323
Thad Lewis,2324
Jordan Somerville,2325
Lori Locust,2326
Thaddeus Lewis,2327
A.Q. Shipley,2328
Mike Bajakian,2329
Skyler Fulton,2330
Stephen Nicholas,2331
Nate Kaczor,2332
Chad Carson,2333
"Gill Byrd , Larry Marmie",2334
Hardy Nickerson,2335
Jeff Tedford,2336
Marcus Arroyo,2337
Matt Wiegand,2338
Bob Bostad,2339
Robb Smith,2340
P. J. Fleck,2341
Ron Cooper,2342
Grady Stretz,2343
Tyrone Pettaway,2344
Dylan Autenrieth,2345
Luke Stocker,2346
Matt Jones,2347
Randy Jordan,2348
Scott Fuchs,2349
Tom Jones,2350
Colt Anderson,2351
Kylan Butler,2352
Erik Frazier,2353
Kenechi Udeze,2354
John Streicher,2355
Jason Tucker,2356
Chet Parlavecchio,2357
Andre Coleman,2358
Darnell Stapleton,2359
David Blough,2360
George Banko,2361
Ryan Kerrigan,2362
Sarah Hogan,2363
"Shane Toub , Jesse Madden",2364
Tavita Pritchard,2365
William Gay,2366
Luke Del Rio,2367
Reggie Howard,2368
Todd Storm,2369
Tyrae Reid Jr.,2370
Brent Vieselmeyer and Richard Rodgers Sr.,2371
Luke Del Rio and Todd Storm,2372
Doug Williams,2373
Aaron Stamn,2374
Tim Rattay,2375
Danny Meehan,2376
Torrian Gray,2377
Jim Dooley,2378
Mike Borich,2379
Earle Mosley,2380
Gary Crowton,2381
Vance Bedford,2382
Richard Dent,2383
Bob Wiley,2384
Lloyd Lee,2385
Brick Haley,2386
Eric Sutulovich,2387
Barry Switzer,2388
Bill Young,2389
Chris Dalman,2390
Kevin Wolthausen,2391
Derrick Nix,2392
Mike Summers,2393
Paul Petrino,2394
Jeff Rutledge,2395
DeMontie Cross,2396
Matt Simon,2397
Rick Neuheisel,2398
Juney Barnett,2399
Phil Zacharias,2400
Lester Erb,2401
