coach,coach_id,community
Alec Osborne,1,1
John Pease,2,2
Steve Sidwell,3,3
Paul Boudreau,4,2
Steve Walters,5,2
Jim Skipper,6,4
Carl Smith,7,5
Jim Mora,8,3
Dom Capers,9,6
Ned James,10,3
Jack Del Rio,11,4
Walt Corey,12,7
Zaven Yaralian,13,7
Judd Garrett,14,8
Dick Stanfel,15,7
Dan Neal,16,7
Harold Jackson,17,7
Lary Kuharich,18,7
Tom Clements,19,6
Danny Abramowicz,20,7
Rick Venturi,21,7
Vic Fangio,22,9
Bum Phillips,23,7
Jack Henry,24,7
Al Everest,25,7
Joe Alley,26,7
Ty Knott,27,7
Greg Brown,28,7
Joe Baker,29,6
Winston Moss,30,6
Chip Beake,31,7
Bob Palcic,32,7
Danny Langsdorf,33,7
Jimmy Robinson,34,6
Dave Atkins,35,7
Mike Sheppard,36,7
Mike McCarthy,37,6
Jim Haslett,38,7
Mike Ditka,39,7
Nick Nicolau,40,7
Jim L. Mora,41,9
Fred Glick,42,10
Tom Pratt,43,9
Ed Beard,44,7
Lamar McHan,45,7
Ed Hughes,46,7
Dick Nolan,47,7
Lance Van Zandt,48,7
John Paul Young,49,7
Willie Zapalac,50,7
Wade Phillips,51,7
Joe Spencer,52,7
John Levra,53,7
Larry Kennan,54,7
Frank Warren,55,4
Wayne Nunnely,56,7
Monte Kiffin,57,11
John Matsko,58,4
Mike Woodford,59,7
Tom Moore,60,9
Sam Clancy,61,7
Ron Zook,62,6
Jim Hostler,63,12
Hubbard Alexander,64,7
Frank Cignetti Jr.,65,2
John Pagano,66,9
Willie Shaw,67,7
Everett Withers,68,2
Chip Myers,69,3
John Misciagna,70,7
King Hill,71,7
Rod Rust,72,7
Steve Nelson,73,7
Don Blackmon,74,7
Dale Lindsey,75,7
Charlie Sumner,76,7
Rod Humenuik,77,7
Richard Wood,78,7
Bobby Grier,79,7
Jimmy Raye,80,7
John Polonchek,81,7
Jim Erkenbeck,82,7
Mark Hatley,83,7
Carl Mauck,84,7
Harold Richardson,85,7
Bob Trott,86,10
Dante Scarnecchia,87,10
Romeo Crennel,88,10
Al Groh,89,10
Maurice Carthon,90,10
Fred Hoaglin,91,2
Mike Pope,92,2
Chris Palmer,93,2
Charlie Weis,94,10
Ray Perkins,95,10
Bill Parcells,96,10
Jim Carr,97,7
Don Shinnick,98,7
Ray Hamilton,99,13
Eddie Khayat,100,7
Guy Morriss,101,7
Jimmy Carr,102,7
Raymond Berry,103,7
Jeff Davidson,104,10
Bruce Arians,105,9
Les Steckel,106,7
Marcus Ungaro,107,14
Greg McMahon,108,14
Tony Oden,109,15
Dennis Allen,110,14
Travis Jones,111,5
Bill Johnson,112,14
Gregg Williams,113,14
Frank Smith,114,14
Aaron Kromer,115,11
Terry Malone,116,14
Curtis Johnson,117,14
Bret Ingalls,118,14
Joe Lombardi,119,14
"Pete Carmichael, Jr.",120,14
Dan Reeves,121,7
Earl Leggett,122,7
Mike Nolan,123,14
Pete Mangurian,124,7
James Daniel,125,13
Dick Rehbein,126,7
George Sefcik,127,7
Steve DeBerg,128,7
George Henshaw,129,7
Joe Vitt,130,14
Sean Payton,131,14
Ray Handley,132,10
Mike Sweatman,133,10
Len Fontes,134,10
Lamar Leachman,135,10
Bill Belichick,136,10
Pat Hodgson,137,10
Ron Erhardt,138,10
Tom Bresnahan,139,7
Bob Ledbetter,140,10
Bob Lord,141,10
Bill Austin,142,10
Ernie Adams,143,13
Kerry Goode,144,7
Joe Walton,145,7
Ray Callahan,146,7
Mike Faulkiner,147,7
Jim Vechiarella,148,7
Bud Carson,149,7
Dan Radakovich,150,7
Bobby Hammond,151,7
Zeke Bratkowski,152,7
Bruce Coslet,153,16
Walt Harris,154,15
Rod Dowhower,155,17
Jim Fassel,156,7
Al Roberts,157,3
Ed Donatell,158,15
Foge Fazio,159,3
Greg Robinson,160,15
Pete Carroll,161,5
Paul Alexander,162,16
Larry Beightol,163,5
Johnny Roland,164,7
Rich Kotite,165,7
Dave Brazil,166,7
Johnnie Lynn,167,7
Tom Olivadotti,168,8
Denny Marcin,169,7
John Fox,170,14
Jim McNally,171,16
Mike Gillhamer,172,14
Bob Wylie,173,16
Kippy Brown,174,5
Joe Daniels,175,7
Willy Robinson,176,3
Jim Pyne,177,7
Turk Schonert,178,7
Doug Marrone,179,14
Ralph Hawkins,180,15
John Bonamego,181,2
Tom Hayes,182,14
Marion Hobby,183,16
Gary Gibbs,184,17
John Bunting,185,7
Phil Pettey,186,7
Mike Riley,187,7
Deek Pollard,188,3
Tom Coughlin,189,2
Ed Orgeron,190,14
Rickey Jackson,191,7
John Morton,192,14
Carlos Mainord,193,8
Rodney Holman,194,7
Bill Meyers,195,7
Tom Bass,196,14
Larrye Weaver,197,7
Don Coryell,198,7
Ralph Friedgen,199,7
Willie Brown,200,7
Chet Franklin,201,7
Joe Madro,202,7
Bob Mischak,203,7
Sam Boghosian,204,7
Lew Erber,205,7
Ray Willsey,206,7
Tom Flores,207,7
Bobby Ross,208,7
Dwain Painter,209,7
Jerry Sullivan,210,7
Sylvester Croom,211,7
Jack Reilly,212,7
Kevin O'Dea,213,7
Dennis Murphy,214,7
Dave Adolph,215,7
Stan Kwan,216,7
Frank Falks,217,7
Fred Biletnikoff,218,7
Joe Scannella,219,7
Tom Walsh,220,7
Art Shell,221,7
Jack Stanton,222,7
Sam Gruneisen,223,7
Bill Urbanik,224,7
Kim Helton,225,7
Terry Robiskie,226,13
Mike White,227,7
John Guy,228,7
Gunther Cunningham,229,7
Doug Graber,230,7
JD Helm,231,7
Richard Williamson,232,14
Willie Peete,233,7
Pete McCulley,234,7
John Mackovic,235,7
Bill Arnsparger,236,7
George DeLeone,237,12
Kevin Lempa,238,7
Rod Perry,239,7
Joe Pascale,240,7
Mike Cavanaugh,241,7
Bill MacDermott,242,7
Jerry Smith,243,7
Tyrone Dixon,244,7
Ollie Wilson,245,7
Kevin Gilbride,246,2
Al Saunders,247,7
Jerry Rhome,248,7
Bobby Jackson,249,7
Charlie Joiner,250,7
Joe Bugel,251,7
June Jones,252,7
Mike Haluchak,253,7
Ron Lynn,254,7
Jerry Wampfler,255,7
Dave Levy,256,7
Jackie Simpson,257,9
George O'Leary,258,3
LeCharls McDaniel,259,7
Ed White,260,7
Ted Tollner,261,7
Earnel Durden,262,7
Dan Henning,263,7
Jack Pardee,264,2
Ernie Zampese,265,3
Joe Gibbs,266,7
Larry Pasquale,267,2
Chuck Clausen,268,7
Alex Gibbs,269,15
Steve Shafer,270,3
Fred Whittingham,271,3
Paul Hackett,272,7
Marty Schottenheimer,273,7
Darvin Wallis,274,7
Kurt Schottenheimer,275,7
Woodrow Lowe,276,7
Bob Karmelowicz,277,7
Brian Schottenheimer,278,5
Mike Solari,279,7
Lionel James,280,7
Jimmy Raye III,281,7
Carl Hairston,282,7
Jason Verduzco,283,7
Irv Eatman,284,7
Keith Rowen,285,7
James Saxon,286,13
Terry Shea,287,7
Dick Vermeil,288,7
Herman Edwards,289,7
Peter Giunta,290,14
Russ Ball,291,7
Richard Mann,292,13
Al Lavan,293,3
Bob Sanders,294,9
Floyd Peters,295,7
Mike Wilson,296,3
Bishop Harris,297,7
Fred Pagac,298,1
Mel Phillips,299,8
George Hill,300,8
Joe Greene,301,7
John Ramsdell,302,4
Todd Howard,303,13
Steve Brown,304,7
Jim Hanifan,305,3
Lynn Stiles,306,3
Wilbert Montgomery,307,12
Mike Martz,308,7
Mike Shula,309,4
Dwight Stephenson,310,8
Don Shula,311,8
Dan Sekanovich,312,8
Larry Seiple,313,8
Carl Taseff,314,8
Gary Stevens,315,8
John Sandusky,316,8
Tony Nathan,317,8
Mike Westhoff,318,12
Tom Keane,319,8
Mike Scarry,320,8
Wally English,321,8
Roger Theder,322,7
Bob Matheson,323,8
Chuck Studley,324,8
David Shula,325,8
Floyd Reese,326,3
Paul Wiggin,327,7
Bob Hollway,328,7
John Michels,329,7
Marc Trestman,330,12
Jerry Burns,331,7
Bud Grant,332,7
LaVern Torgeson,333,7
Frank Lauterbur,334,7
Dick Selcer,335,16
Hewritt Dixon,336,7
Paul Lanham,337,7
Lionel Taylor,338,7
Ray Malavasi,339,7
Steve Greatwood,340,7
Rich Brooks,341,7
Brian Baker,342,7
Nick Aliotti,343,7
George Warhop,344,12
Matt Sheldon,345,1
Ron Meeks,346,16
Bill Kollar,347,15
Lovie Smith,348,4
Henry Ellard,349,14
Ken Zampese,350,16
Bob Griese,351,8
Chuck Knox,352,15
Anthony Griggs,353,13
Lou Spanos,354,13
Mike Archer,355,13
John Mitchell,356,13
Tim Lewis,357,13
Mike Miller,358,13
Russ Grimm,359,13
Ken Whisenhunt,360,13
Kenny Jackson,361,13
Dick Hoak,362,13
David Culley,363,17
Chan Gailey,364,9
Bill Cowher,365,13
Mike Mularkey,366,13
Darren Perry,367,6
Keith Butler,368,13
Kent Stephenson,369,15
Dick LeBeau,370,13
Ray Rhodes,371,3
Norb Hecker,372,3
Bill McPherson,373,3
George Seifert,374,3
Fred von Appen,375,3
Bobb McKittrick,376,3
Sherman Lewis,377,3
Bill Walsh,378,3
Tommy Hart,379,3
Milt Jackson,380,3
Billie Matthews,381,7
Sam Wyche,382,16
Rich Baker,383,13
Woody Widenhofer,384,7
Ron Blackledge,385,7
Chuck Noll,386,7
Jon Kolb,387,7
Tony Dungy,388,9
Dennis Fitzgerald,389,7
Bob Bratkowski,390,16
Danielle Hudak,391,13
Eric Estes,392,13
Kirby Wilson,393,13
Ray Horton,394,13
Harold Goodwin,395,9
Larry Zierlein,396,9
Randy Fichtner,397,13
Ken Anderson,398,16
Mike Tomlin,399,13
Alan Lowry,400,3
Matt Raich,401,13
Mark Whipple,402,13
Raymond Jackson,403,13
Jeff Fisher,404,2
Bob Zeman,405,3
John Marshall,406,3
Ray Sherman,407,2
Carl Jackson,408,3
Mike Shanahan,409,15
Larry Kirksey,410,15
Matt Cavanaugh,411,12
Greg Knapp,412,3
Dwaine Board,413,3
Michael Barnes,414,3
Richard Smith,415,18
Andy Sugarman,416,3
Patrick Morris,417,3
Tom Batta,418,3
Tom Rathman,419,3
Marty Mornhinweg,420,17
Steve Mariucci,421,3
Bo Pelini,422,5
Mark Duca,423,13
Dennis Green,424,3
Mike Holmgren,425,3
Tom Holmoe,426,3
Sam Kasan,427,13
Dale Haupt,428,7
Bill Muir,429,11
Lew Carpenter,430,7
Dick Wood,431,7
Ken Iman,432,7
Doug Scovil,433,7
Buddy Ryan,434,7
Fred Bruney,435,7
Dick Coury,436,3
Billy Joe,437,7
Sid Gillman,438,7
Tommy Brasher,439,17
Marion Campbell,440,7
Frank Gansz,441,2
Ted Marchibroda,442,7
John Becker,443,15
Dick Walker,444,9
Rollie Dotsch,445,7
Hal Hunter,446,9
Tom Bettis,447,3
Ronnie Jones,448,7
Walt Michaels,449,7
John Mazur,450,7
Tom Gamble,451,7
Joe Gardi,452,7
Peter Redebaugh,453,13
Todd Bowles,454,9
Harry Gamble,455,7
Ben Hawkins,456,7
Bob Sutton,457,17
William Roberts,458,13
Bill Muir & Ray Lavigne,459,13
Todd Haley,460,13
Steve Trimble,461,15
Larry Coyer,462,15
Sparky Woods,463,15
Don Breaux,464,7
Bob Valesente,465,3
Marvin Lewis,466,16
Steve Furness,467,13
Bob Harrison,468,7
Howard Mudd,469,9
Charlie Davis,470,7
Joe Pendry,471,7
Lindy Infante,472,7
Paul Guenther,473,16
Ray Braun,474,7
Louie Cioffi,475,16
Kevin Coyle,476,16
Ricky Hunley,477,16
Jay Hayes,478,16
Chuck Bresnahan,479,16
Bob Surace,480,16
Jonathan Hayes,481,16
Jim Anderson,482,16
Jim Garrett,483,7
Jim Shofner,484,7
Sam Rutigliano,485,7
Hue Jackson,486,16
Tim Krumrie,487,16
Mark Duffner,488,16
John Garrett,489,16
Frank Verducci,490,16
Steve Mooshagian,491,16
Autry Denson,492,1
Joe Kim,493,13
Eric Mangini,494,10
Tom Spann,495,13
Jim Bates,496,8
Jacob Burney,497,15
John Settle,498,4
Pat Hill,499,13
Kirk Ferentz,500,13
Steve Crosby,501,13
Ben Steele,502,1
Blaine Gautier,503,1
Chris Cook,504,1
Connor Senger,505,1
Cristian Garcia,506,4
Jeff Rodgers,507,14
Jonathan Gannon,508,1
Israel Woolfork,509,1
Nick Rallis,510,1
Drew Petzing,511,1
Justin Frye,512,1
Matt Feeney,513,10
Drew Terrell,514,4
Patrick Toney,515,1
John Teerlinck,516,15
Bobby DePaul,517,16
Joe Wessel,518,16
Larry Peccatiello,519,7
Dave Shula,520,16
Mike Stock,521,6
Dana Bible,522,16
Gary Moeller,523,7
Greg Landry,524,7
Leslie Frazier,525,1
Alex Wood,526,3
Anthony Lynn,527,12
Richard McNutt,528,10
Cory Undlin,529,17
Randy Melvin,530,10
Mel Tucker,531,10
Mike Sullivan,532,2
Alfredo Roberts,533,13
Wes Chandler,534,10
Rob Chudzinski,535,4
Ted Daisher,536,17
Rip Scherer,537,10
Umberto Leone,538,10
Todd Grantham,539,9
Steve Hoffman,540,8
Andre Patterson,541,1
Jim Jeffcoat,542,1
Clancy Pendergast,543,3
Bill Bates,544,13
Mike Zimmer,545,1
Greg Seamon,546,16
Galen Hall,547,1
Wade Wilson,548,6
Dave Campo,549,8
Carl Crennel II,550,10
Jeff Uhlenhake,551,10
Ben Coates,552,10
Kevin Spencer,553,13
Phil Savage,554,13
Bobby Trott,555,10
Jerry Rosburg,556,12
Chris Caminiti,557,18
Gene Stallings,558,7
Jerry Tubbs,559,7
Ernie Stautner,560,7
Jim Myers,561,7
Tom Landry,562,7
Stan Jones,563,7
Mo Forte,564,7
Myrel Moore,565,7
Kay Dalton,566,7
Barney Chavous,567,15
Rubin Carter,568,7
Joe DeCamillis,569,11
Charlie Waters,570,7
Pete Carmichael,571,14
George Edwards,572,1
Glenn Smith,573,1
Hudson Houck,574,3
Joe Avezzano,575,7
Clarence Shelmon,576,3
Doc Urich,577,7
Nick Saban,578,13
Steve Hagen,579,12
Todd McNair,580,9
Butch Davis,581,8
Phillip Banko,582,9
Chuck Pagano,583,12
Fred Graves,584,4
Kennedy Polamalu,585,1
Jon Fabris,586,2
Mike Pitts,587,2
Jerry Holmes,588,2
Tony Sparano,589,1
Jerry Butler,590,2
John Hufnagel,591,2
Mark Michaels,592,3
Billy Davis,593,14
Gary Tranquill,594,13
Clarence Brooks,595,12
Bob Slowik,596,15
Dick Portee,597,2
Chuck Lester,598,7
Dick Roach,599,7
Ted Cottrell,600,7
Chuck Dickerson,601,7
Elijah Pitts,602,7
Marv Levy,603,7
Ryan Smith,604,1
Winston DeLattiboudere III,605,1
Brandon Schwab,606,1
Don Lawrence,607,7
Randy Brown,608,12
Tom Telesco,609,7
Roy Anderson,610,12
Ted Monachino,611,12
Dean Pees,612,12
Greg Mattison,613,12
Jason Brooks,614,12
Craig Ver Steeg,615,12
Andy Moeller,616,12
Wade Harman,617,12
Jim Zorn,618,3
Cam Cameron,619,12
Matt Weiss,620,12
John Harbaugh,621,12
Max Bowman,622,7
Chris Dickson,623,7
Bill Bradley,624,7
Derrick LeBlanc,625,1
Jay Razzano,626,1
Klayton Adams,627,1
Rob Rodriguez,628,1
Ronald Booker,629,1
Sam Siefkes,630,1
Spencer Whipple,631,14
William Peagler,632,1
Miller McCalmon,633,3
Jim Niblack,634,3
Art Asselta,635,7
Bob Leahy,636,7
Jim Ringo,637,7
Hank Bullough,638,7
Kay Stephenson,639,15
Perry Moss,640,3
Andy MacDonald,641,9
Jerry Glanville,642,3
Al Sandahl,643,3
Jim Carmody,644,15
Tom Catlin,645,15
Jack Donaldson,646,15
Chick Harris,647,15
Ray Prochaska,648,15
Brett Maxie,649,3
Emmitt Thomas,650,17
Chris Beake,651,11
Robert Prince,652,6
Clancy Barone,653,14
Jeff Jagodzinski,654,5
George Stewart,655,1
Mike Johnson,656,7
Ardell Wiegandt,657,7
Dick Moseley,658,7
Herb Paterra,659,7
Joe Faragalli,660,3
Jim Valek,661,7
Jim Wagstaff,662,15
Brian Natkin,663,14
Charlie Bullen,664,14
Kenny Bell,665,14
Cameron Turner,666,14
Vince Tobin,667,7
Dick Modzelewski,668,7
Forrest Gregg,669,7
Darrin Simmons,670,16
Dave McGinnis,671,7
Alvin Reynolds,672,13
Sam Mills,673,14
Geep Chryst,674,7
Danny Crossman,675,15
Sam Mills III,676,4
Ken Flajole,677,17
Sal Sunseri,678,14
Mike Trgovac,679,6
Mike Maser,680,2
Dave Magazu,681,14
Mike McCoy,682,14
Greg Roman,683,12
George Catavolos,684,9
Kevin Steele,685,14
Cary Godette,686,8
John Shoop,687,7
Blair Bush,688,14
Trent Walters,689,17
Jim LaRue,690,7
Ted Plumb,691,7
Martin Bayless,692,15
Steve Fairchild,693,7
Steve Kragthorpe,694,7
Ted Gill,695,14
Ronnie Vinklarek,696,7
Tommy Kaiser,697,7
Jerry Gray,698,1
Steve Jackson,699,16
Pat Thomas,700,7
Miles Aldridge,701,7
Gil Haskell,702,3
Eric Studesville,703,15
Tyke Tolbert,704,14
Steve Sabo,705,2
Danny Smith,706,13
O'Neill Gilbert,707,7
Buddy Geis,708,7
Gene Huey,709,9
Greg Blache,710,7
Lionel Washington,711,5
Brad Miller,712,5
Jethro Franklin,713,5
Stan Drayton,714,5
Joe Philbin,715,6
Jim Johnson,716,17
Tom Lovat,717,3
Jay Robertson,718,7
Francis Peay,719,7
Darrell Bevell,720,5
Tom Rossley,721,5
Mike Sherman,722,5
Hank Kuhlmann,723,7
Ben McAdoo,724,6
Shawn Slocum,725,6
Scott McCurley,726,6
Safeties – Darren Perry,727,6
Kevin Greene,728,6
John Rushing,729,6
Terry Fontenot,730,6
James Campen,731,6
Edgar Bennett,732,6
Eric Lewis,733,6
Robert Nunn,734,2
Mike Murphy,735,9
Tony Marciano,736,9
Jay Norvell,737,9
Rusty Tillman,738,15
Pat Ruel,739,5
Charlie Jackson,740,15
James Franklin,741,5
Trent Miles,742,17
Rich McGeorge,743,8
Brad Seely,744,10
Leon Burtnett,745,3
Ron Meyer,746,3
Greg Briner,747,3
Frank Kush,748,7
John Symank,749,7
Ed Khayat,750,7
Chuck Weber,751,7
Ray Wietecha,752,7
Dick Bielski,753,7
John Idzik,754,7
Mike McCormack,755,7
J. D. Helm,756,7
Marcus Robertson,757,14
Matt Burke,758,17
Mike Bercovici,759,5
Rob Grosso,760,14
Rusty McKinney,761,14
Shawn Jefferson,762,14
Vance Joseph,763,14
Steve Heiden,764,14
Kliff Kingsbury,765,14
"Frank Cignetti, Jr.",766,7
Brentson Buckner,767,9
Diron Reynolds,768,1
Alan Williams,769,9
Ricky Thomas,770,9
Chris Foerster,771,15
Clyde Christensen,772,9
Jim Caldwell,773,9
Rod Dowhower / Ron Meyer,774,3
Jerry Sullivan and Don Shumpert,775,14
Jim Dray,776,14
Marty Galbraith,777,7
Dan Daniel,778,7
Sean Kugler,779,14
Homer Smith,780,7
Ron Meyer / Rick Venturi,781,3
Richie McCabe,782,7
Joel Collier,783,8
Jerry Frei,784,7
Fran Polsfoot,785,7
Charlie Lee,786,7
Rex Norris,787,7
Don Clemons,788,7
Wayne Fontes,789,7
Don Doll,790,7
Ivy Williams,791,7
Bob Baker,792,7
John Fontes,793,7
Vic Rapp,794,7
Darryl Rogers,795,7
Bert Hill,796,7
Dave Jaumotte,797,7
Charlie Sanders,798,7
Ronnie Bradford,799,15
Jim Ryan,800,15
Pat McPherson,801,5
Jedd Fisch,802,11
Bobby Turner,803,15
Jeremy Bates,804,15
Rick Dennison,805,15
Whitey Dovell,806,7
Paul Roach,807,7
Red Miller,808,7
Ryan Slowik,809,15
Scott O'Brien,810,15
Mike Heimerdinger,811,15
Richard Selcer,812,7
Howard Tippett,813,7
Jim Eddy,814,2
Steve Kazor,815,7
Rick Smith,816,15
Brian Pariani,817,15
Gary Kubiak,818,15
Frank Bush,819,15
Mike MacIntyre,820,12
Vincent Brown,821,12
Paul Pasqualoni,822,10
Kacy Rodgers,823,9
David Lee,824,12
Freddie Kitchens,825,9
George Dyer,826,15
Leon Fuller,827,7
Ricky Porter,828,15
Kirk Doll,829,15
Jimmy Spencer,830,15
Tim Brewster,831,15
Steve Watson,832,15
Mike McDaniel,833,15
Troy Calhoun,834,15
Dick Jauron,835,7
Johnny Holland,836,15
Chuck Priefer,837,3
Larry Brooks,838,3
Pat Morris,839,1
Kevin Higgins,840,7
Greg Olson,841,11
Kevin Lartigue,842,3
Bobby Williams,843,13
Bob Schnelker,844,7
Daron Roberts,845,7
Tim Walton,846,2
Kris Kocurek,847,15
Todd Downing,848,10
George Yarno,849,11
Tim Lappano,850,3
Sam Gash,851,6
Ken Riley,852,7
Joe Clark,853,7
Virgil Knight,854,7
"Wayne ""Buddy"" Geis",855,7
Dave Hanner,856,7
Ross Fichtner,857,7
John Meyer,858,7
Ernie McMillan,859,7
Pete Kettela,860,7
Bart Starr,861,7
Chuck Knox Jr.,862,3
Charlie Baggett,863,3
Harry Sydney,864,3
Mouse Davis,865,7
Jeff Horton,866,7
Scott Linehan,867,6
Golden Pat Ruel,868,7
John Hadl,869,7
Jim Schwartz,870,17
Glenn Pires,871,13
Charles Haley,872,7
Mike McHugh,873,7
John Hilton,874,7
Jim Champion,875,7
John Brunner,876,7
Leeman Bennett,877,3
David Raih,878,6
Don Shumpert,879,14
Jordan Hogan,880,14
Bill Lazor,881,17
Mark Cotney,882,7
Jim Stanley,883,2
Chris Achuff,884,14
Peter Badovinac,885,14
Bruce DeHaven,886,4
Larry Marmie,887,7
Zerick Rollins,888,3
Jim Lind,889,3
Keith Gilbertson,890,3
Al Holcomb,891,4
Alonso Escalante,892,14
Ben Burress,893,14
Byron Leftwich,894,9
Charlie Harbison,895,14
Dave Merritt,896,17
Don Johnson,897,4
Jason Michael,898,18
Steve Wilks,899,4
Kevin Garver,900,9
Larry Foote,901,9
Ray Brown,902,4
Terry Allen,903,14
Troy Rothenbuhler,904,14
James Bettcher,905,9
Darryl Drake,906,9
Amos Jones,907,9
Kevin Ross,908,9
Mike Chiurco,909,9
Nick Rapone,910,9
Rick Christophel,911,9
Stump Mitchell,912,3
Kasey Dunn,913,3
Jerry Colquitt,914,3
Nolan Cromwell,915,3
Clayton Lopez,916,3
Pete Rodriguez,917,3
Russ Purnell,918,15
Ken Meyer,919,15
Steve Moore,920,15
Teryl Austin,921,13
Bill Laveroni,922,3
Mike DeBord,923,4
Tom Headlee,924,3
Mike Phair,925,4
Gus Bradley,926,18
Bob Casullo,927,3
Gary Reynolds,928,3
David Diaz–Infante,929,9
Jon Boone,930,3
Dan Quinn,931,6
Craig Johnson,932,2
Mike Munchak,933,13
Sherman Smith,934,5
Chuck Cecil,935,2
Jim Washburn,936,2
Norm Chow,937,2
Charlie Williams,938,9
Rod Marinelli,939,6
Wendell Avery,940,9
Bob Gambold,941,7
Ed Biles,942,7
Andy Bourgeois,943,7
Phil Krueger,944,14
Abe Gibron,945,14
George Chaump,946,14
Boyd Dowler,947,14
Bill Nelsen,948,14
John McKay,949,14
Bob Bowser,950,7
Bart Andrus,951,2
Doug Shively,952,3
Ken Clarke,953,16
Rodney Stokes,954,7
Bill Clay,955,7
Joe Kines,956,7
Mike DuBose,957,7
John Bobo,958,7
Maxie Baughan,959,7
Mike Caldwell,960,9
Jeff FitzGerald,961,16
Tom Schertz,962,7
Tim Harkness,963,7
Morris Watts,964,7
Joe Barry,965,11
Kent Johnston,966,7
Dr. Tony Yates,967,13
Jason Seidling,968,13
Jack Christiansen,969,9
Jack Patera,970,9
Jaime Hill,971,3
Gregg Smith,972,3
Larry Mac Duff,973,14
Jamie Christian,974,3
Dick Tomey,975,3
Al Simmons,976,3
Greg McMackin,977,3
Jason Tarver,978,1
Eric Yarber,979,11
Jerry Olsavsky,980,13
Scottie Montgomery,981,14
Dennis Erickson,982,3
Dave Brown,983,3
Rich Olson,984,3
Paul Moyer,985,15
Arnie Matsumoto,986,3
Fritz Shurmur,987,3
Chad Grimm,988,13
Deshea Townsend,989,17
Frank Reich,990,18
John McNulty,991,2
Cas Banaszek,992,3
Ron Aiken,993,13
Tommie Robinson,994,13
Chris Miller,995,13
Barrett Ruud,996,11
D. J. Williams,997,14
Dave Huxtable,998,11
Jeff Ulbrich,999,15
Jacquies Smith,1000,11
Fred O'Connor,1001,7
Jack Burns,1002,7
Marvin Bass,1003,7
Don Strock,1004,13
Rennie Simmons,1005,7
Ed West,1006,7
Curtis Modkins,1007,11
Thom Kaumeyer,1008,7
Rick Courtright,1009,13
Dennis Thurman,1010,12
Leon McLaughlin,1011,3
Mal Moore,1012,7
Rob Ryan,1013,10
Rex Ryan,1014,12
George Martinez,1015,7
Dick Jamieson,1016,3
Ron Milus,1017,18
Mike Devlin,1018,12
Mike Rutenberg,1019,15
John Timu,1020,14
Justin Hood,1021,6
Kevin Koger,1022,14
Raheem Morris,1023,11
Michael Pitre,1024,11
Zac Robinson,1025,11
Nate Ollie,1026,18
Nick Jones,1027,11
Patrick Kramer,1028,11
Dwayne Ledford,1029,11
Marquice Williams,1030,11
Kirk Olivadotti,1031,6
Richmond Flowers III,1032,15
Sean McVay,1033,11
Jon Embree,1034,15
Keenan McCardell,1035,11
Matt LaFleur,1036,6
Kyle Shanahan,1037,15
Mike Kruczek,1038,3
Carl Hargrave,1039,3
Everett Lindsay,1040,3
Bill Khayat,1041,3
Richard Solomon,1042,3
Kevin Ramsey,1043,7
Pete Hoener,1044,4
Pat Flaherty,1045,2
Norv Turner,1046,4
DeChon Burns,1047,16
John Hunt,1048,16
Lawson Holland,1049,16
Steve Spurrier Jr.,1050,16
Noah Brindise,1051,16
Steve Spurrier,1052,16
Tim Berbenich,1053,11
T. J. Yates,1054,11
Chandler Whitmer,1055,14
Jimmy Lake,1056,11
Ike Hilliard,1057,13
Jay Rodgers,1058,14
Richie Petitbon,1059,7
George Dickson,1060,7
Greg Manusky,1061,11
Shawn Flaherty,1062,11
Ryan Nielsen,1063,14
Arthur Smith,1064,11
Justin Peelle,1065,17
Lanier Goethie,1066,11
Dave Ragone,1067,11
Mateo Kambui,1068,13
Chris Garber,1069,3
John Palmero,1070,3
Chris Meidt,1071,3
Scott Wachenheim,1072,3
Stan Hixon,1073,7
Matt Pees,1074,11
Nick Perry,1075,11
Rayna Stewart,1076,6
Tim Hauck,1077,17
Richie Wessman,1078,2
John Zernhelt,1079,7
Dowell Loggains,1080,14
Charles London,1081,4
Keith Armstrong,1082,13
Joe Haering,1083,7
Bobby April,1084,17
Will Lewis,1085,3
Danny Breyer,1086,12
Gary Emanuel,1087,9
Jon Hoke,1088,4
Mario Jeberaeel,1089,17
Nick Edwards,1090,11
Claude Humphrey,1091,7
Tim Marcum,1092,7
Garry Puetz,1093,7
Bob Fry,1094,7
Brian Xanders,1095,7
John North,1096,3
Gary Zauner,1097,12
Steve Loney,1098,3
Robert Ford,1099,8
Joe Madden,1100,7
Sam Elliott,1101,7
Wayne McDuffie,1102,3
Chandler Henley,1103,15
Dave Brock,1104,6
Des Kitchings,1105,11
Aden Durde,1106,6
Bernie Parmalee,1107,5
Bob Kronenberg,1108,6
Chad Walker,1109,6
Chris Morgan,1110,6
Dirk Koetter,1111,13
Doug Mallory,1112,6
Jess Simpson,1113,6
Joe Whitt Jr.,1114,6
Lance Schulters,1115,11
Tosh Lupoi,1116,5
Steve Scarnecchia,1117,6
Ben Kotwica,1118,11
Jerome Henderson,1119,6
Bryant Young,1120,6
Marquand Manuel,1121,15
Kyle Flood,1122,6
Steve Sarkisian,1123,6
Bush Hamdan,1124,6
Charlie Weis Jr.,1125,6
Keith Carter,1126,10
Bryan Cox,1127,10
Rich Scangarello,1128,15
Corey Matthaei,1129,17
Jeff Nixon,1130,17
Rory Segrest,1131,17
Otis Smith,1132,17
Sean McDermott,1133,17
Bill Shuey,1134,17
Pete Jenkins,1135,17
Matt Nagy,1136,17
James Urban,1137,17
Juan Castillo,1138,17
Tom Melvin,1139,17
Ted Williams,1140,17
Pat Shurmur,1141,17
Andy Reid,1142,17
Brian Stewart,1143,10
Doug Pederson,1144,17
Mike Reed,1145,17
Steve Spagnuolo,1146,17
Brad Childress,1147,17
Dave Toub,1148,17
Ron Rivera,1149,4
Andrew Thacker,1150,13
Andrew Weidinger,1151,13
Chris Scelfo,1152,13
Gerald Brown,1153,13
Glenn Thomas,1154,13
Joe Danna,1155,13
Mike Smith,1156,13
Mark Collins,1157,13
Mike Tice,1158,3
Paul Dunn,1159,13
Devin Bonik,1160,13
Brian VanGorder,1161,13
Adam Schrack,1162,12
Brendan Clark,1163,12
Zachary Orr,1164,12
Chuck Smith,1165,12
Daniel Stern,1166,12
Dennis Johnson,1167,12
Donald D'Alesio,1168,17
George Godsey,1169,10
Greg Lewis,1170,17
Ian Kolste,1171,12
Matt Robinson,1172,12
Megan Rosburg,1173,12
Tee Martin,1174,12
Todd Monken,1175,12
Travelle Wharton,1176,4
Travis Switzer,1177,12
Tyler Santucci,1178,12
Willie Taggart,1179,12
Chris Horton,1180,12
Chris Hewitt,1181,12
Kevin Hartman,1182,12
Mark DeLeone,1183,17
Anthony Weaver,1184,12
Mike Macdonald,1185,12
Dennard Wilson,1186,2
Joe D'Alessandris,1187,12
Keith Williams,1188,12
Kerry Dixon,1189,12
D'Anton Lynn,1190,12
Rob Leonard,1191,2
Don Martindale,1192,12
Bobby Engram,1193,12
Dan Parsons,1194,12
Drew Wilkins,1195,12
Jay Peterson,1196,12
Richard Angulo,1197,12
Andy Bischoff,1198,12
Jesse Minter,1199,12
Joe Cullen,1200,12
Sterling Lucas,1201,12
performance – Brian Ellis,1202,12
T. J. Weist,1203,12
Thomas Hammock,1204,12
Todd Washington,1205,12
John Egorugwu,1206,4
Jay Harbaugh,1207,12
Tom Quinn,1208,2
Andre Curtis,1209,5
David Merritt,1210,2
Mike Waufle,1211,2
Sean Ryan,1212,2
Robert Nickens,1213,2
Jerald Ingram,1214,2
Adam Henry,1215,4
Austin Gund,1216,4
Bob Babich,1217,4
DJ Mangas,1218,4
Jahmile Addae,1219,4
Jason Rebrovich,1220,6
Joe Brady,1221,4
Kelly Skipper,1222,4
Kyle Shurmur,1223,4
Marc Lubick,1224,4
Marcus West,1225,4
Mike Pellegrino,1226,10
Rob Boras,1227,4
Ronald Curry,1228,14
Chris Tabor,1229,17
Christian Taylor,1230,4
Matt Edwards,1231,10
Scott Booker,1232,10
Matthew Smiley,1233,4
Eric Washington,1234,4
Jaylon Finner,1235,4
John Butler,1236,4
Ken Dorsey,1237,4
Chad Hall,1238,4
Jim Salgado,1239,4
Ryan Wendell,1240,4
Bobby Johnson,1241,4
Jacques Cesaire,1242,1
Brian Daboll,1243,10
Heath Farwell,1244,17
Shea Tierney,1245,4
Aaron Whitecotton,1246,15
Bill Teerlinck,1247,9
Matt Worswick,1248,4
Terry Heffernan,1249,4
Andrew Dees,1250,4
Gill Byrd,1251,4
Phil McGeoghan,1252,18
Bobby April III,1253,12
Ed Reed,1254,12
Jason Vrable,1255,6
Jeff Weeks,1256,12
John Blake,1257,8
Kathryn Smith,1258,12
Pat Meyer,1259,13
Sanjay Lal,1260,5
Tim McDonald,1261,12
Tony Sparano Jr.,1262,12
Deuce Schwartz,1263,15
Karl Dunbar,1264,13
Kurt Anderson,1265,12
Michael Hamlin,1266,12
Mike Henning,1267,7
Eric Price,1268,7
Mose Rison,1269,7
Donnie Henderson,1270,12
Greg Adkins,1271,6
Nathaniel Hackett,1272,6
Pepper Johnson,1273,10
Rob Moore,1274,10
Samson Brown,1275,12
Stephen Brown,1276,6
Thad Bogardus,1277,11
Tyrone Wheatley,1278,6
Mike Pettine,1279,12
Jim O'Neil,1280,12
Adrian White,1281,9
Bob Bicknell,1282,17
Dave Wannstedt,1283,8
Charles Huff,1284,9
Eric Thatcher,1285,9
Giff Smith,1286,18
Kevin Patullo,1287,18
Pete Metzelaars,1288,9
William Inge,1289,9
George Cortez,1290,9
Brian Smith,1291,12
Mark Carrier,1292,16
A.C. Carter,1293,5
Bill Callahan,1294,12
Daren Bates,1295,5
Ejiro Evero,1296,11
Dean Petzing,1297,5
Jonathan Cooley,1298,11
Dave Canales,1299,5
Joe Gilbert,1300,9
Brad Idzik,1301,5
Kevin Peterson,1302,5
Keyshawn Colmon,1303,5
Mayur Chaudhari,1304,5
Peter Hansen,1305,5
Renaldo Hill,1306,14
Todd Wash,1307,5
Tracy Smith,1308,5
Will Harriger,1309,5
Bert Watts,1310,5
Bobby Maffei,1311,5
DeAngelo Hall,1312,5
Keli'i Kekuewa,1313,5
Nate Carroll,1314,5
Tem Lukabu,1315,5
Duce Staley ; fired on November 27,1316,5
Jamel Mutunga,1317,17
John Lilly,1318,5
Josh McCown ; fired on November 27,1319,5
Thomas Brown,1320,11
Robert Kugler,1321,10
Parks Frazier,1322,18
Tyler Boyles,1323,18
Mike Siravo,1324,11
Jody Owens,1325,2
Joe Dailey,1326,2
Matt Lombardi,1327,10
Rob Dvoracek,1328,2
Terrance Knighton,1329,2
Phil Snow,1330,2
Brian Angelichio,1331,11
Cedric Whitaker,1332,2
Jason Simmons,1333,10
Evan Cooper,1334,2
Frank Okam,1335,10
Frisman Jackson,1336,13
Matt Rhule,1337,2
Matthew Delgado,1338,2
Chase Blackburn,1339,4
EJ Barthel,1340,2
Jake Peetz,1341,11
Marcus Satterfield,1342,2
Everette Brown,1343,4
Jerricho Cotchery,1344,4
Linda O'Hora,1345,4
Perry Fewell,1346,2
Richard Rodgers,1347,4
Scott Turner,1348,4
Steve Russ,1349,4
Vincent Rivera,1350,4
Brady Hoke,1351,4
Jeff Imamura,1352,1
Lance Taylor,1353,4
Curtis Fuller,1354,4
Richard Rodgers Sr.,1355,4
Thomas McGaughey,1356,9
Richard Bisaccia,1357,11
Jay Gruden,1358,11
Michael Christianson,1359,11
Art Valero,1360,11
Stan Parrish,1361,11
Ricky Proehl,1362,4
Jon Gruden,1363,11
Coy Gibbs,1364,7
Earnest Byner,1365,7
Brian Murphy,1366,1
Warren Belin,1367,4
Al Harris,1368,17
Antwaan Randle El,1369,14
Cannon Matthews,1370,6
Dan Roushar,1371,14
Ben Johnson,1372,14
Declan Doyle,1373,14
Eric Bieniemy,1374,17
Jeremy Garrett,1375,1
JT Barrett,1376,14
Kenny Norton III,1377,14
Kevin Koch,1378,14
Kyle DeVan,1379,14
Matt Giordano,1380,14
Press Taylor,1381,17
Richard Hightower,1382,15
Robbie Picazo,1383,5
Zach Cable,1384,14
Brian Bing,1385,5
Chad Morton,1386,5
Dave Borgonzi,1387,18
David Overstreet II,1388,18
Matt Eberflus,1389,6
Jason Houghtaling,1390,10
Jennifer King,1391,4
Kerry Joseph,1392,5
Chris Beatty,1393,14
Shane Waldron,1394,11
Travis Smith,1395,10
Andrew Janocko,1396,1
David Walker ; fired on November 1,1397,14
Alan Williams ; resigned on September 20,1398,14
Justin Hinds,1399,6
Luke Steckel,1400,10
Luke Getsy,1401,6
Omar Young; Running backs coach from November 1,1402,14
Sean Magee,1403,14
Tim Zetts,1404,6
Austin King,1405,14
David Walker,1406,9
James Rowe,1407,11
Omar Young,1408,10
Ronell Williams,1409,18
Sean Desai,1410,17
Bill McGovern,1411,17
Chris Jackson,1412,17
Chris Rumph,1413,11
Henry Burris,1414,17
John DeFilippo,1415,17
Mike Adams,1416,10
Mike Furrey,1417,17
Mike Harris,1418,11
Mike Snyder,1419,17
Donovan Raiola,1420,17
Harry Hiestand,1421,4
Jamie Kohl,1422,17
Mark Helfrich,1423,17
Shane Toub,1424,17
Brandon Staley,1425,14
Ben McDaniels,1426,17
Ben Wilkerson,1427,15
Jeremiah Washburn,1428,18
Zach Azzanni,1429,13
Clint Hurtt,1430,5
John Dunn,1431,6
Sam Garnes,1432,14
Mike Singletary,1433,1
Bo Hardegree,1434,10
Adam Gase,1435,14
Mike Groh,1436,17
Carson Walch,1437,17
Reggie Herring,1438,15
Skip Peete,1439,11
Michael Sinclair,1440,11
Tim Tibesar,1441,11
Andrew Hayes–Stoker,1442,15
Shane Day,1443,15
Mark Nori,1444,7
Robert Talley,1445,14
Pep Hamilton,1446,4
Jim Tomsula,1447,11
Jim Mora Jr,1448,3
Mikal Smith,1449,4
A.J. Christoff,1450,14
Manny Rivera,1451,3
Tim Holt,1452,11
Tim Spencer,1453,4
Brad Kragthorpe,1454,16
Charles Burks,1455,16
Al Golden,1456,16
Jerry Montgomery,1457,6
Fredi Knighten,1458,16
James Casey,1459,16
Zac Taylor,1460,16
Jordan Kovacs,1461,16
Jordan Salkin,1462,16
Justin Hill,1463,16
Dan Pitcher,1464,16
Michael Hodges,1465,14
Michael McCarthy,1466,16
Mike Moon,1467,16
Scott Peters,1468,1
Troy Walters,1469,16
Justin Rascati,1470,11
Lou Anarumo,1471,16
Derek Frazier,1472,16
Frank Pollack,1473,16
Ronnie Regula,1474,16
Brian Callahan,1475,16
Robert Livingston,1476,16
Ben Martin,1477,16
Gerald Chatman,1478,16
Jemal Singleton,1479,18
Jim Turner,1480,16
Nick Eason,1481,16
Bill Nayes,1482,11
Alex Van Pelt,1483,6
Daronte Jones,1484,11
Brayden Coombs,1485,16
Kyle Caskey,1486,16
Marcus Lewis,1487,16
Robert Couch,1488,16
David Lippincott,1489,16
Brian Braswell,1490,16
Brian Schneider,1491,5
Rocky Seto,1492,5
Kris Richard,1493,5
Ken Norton Jr.,1494,5
Luke Butkus,1495,6
Adam Zimmer,1496,1
Vantz Singletary,1497,7
Adam Morris,1498,1
Anthony Fabiano,1499,1
Bill Musgrave,1500,13
Brandon Lynch,1501,1
Ray Ventrone,1502,1
Christian Jones,1503,10
Duce Staley,1504,17
Ephraim Banda,1505,1
Jeff Anderson,1506,1
Kevin Stefanski,1507,1
Mike Bloomgren,1508,1
Nemo Washington,1509,1
Nick Charlton,1510,1
Tommy Rees,1511,1
Stephen Bravo–Brown,1512,1
Chad O'Shea,1513,10
Zach Dunn,1514,1
Andy Dickerson,1515,11
Ashton Grant,1516,1
Callie Brownson,1517,1
Jordan Thomas,1518,1
Roy Istvan,1519,18
Raymond Ventrone,1520,18
Ben Bloom,1521,6
Jonathan Decoster,1522,1
T. C. McCartney,1523,1
Joe Woods,1524,1
Chris Kiffin,1525,15
Jeff Howard,1526,1
Kevin Rogers,1527,1
Mike Priefer,1528,1
Ryan Cordell,1529,11
Seitu Smith,1530,1
Chris Jones,1531,9
DeWayne Walker,1532,11
Jeff Blasko,1533,6
Jody Wright,1534,10
John Parrella,1535,9
Kyohei Kosaka,1536,9
Ryan Hollern,1537,10
Ryan Lindley,1538,16
Tyler Tettleton,1539,17
Blake Williams,1540,16
Clyde Simmons,1541,2
Eric Sanders,1542,16
Jerod Kruse,1543,16
Ken Delgado,1544,16
Mark Hutson,1545,16
Stan Watson,1546,16
Ian Jones,1547,16
Rock Cartwright,1548,16
Aaron Glenn,1549,14
Bill Kuharich,1550,12
Brian Fleury,1551,15
Chuck Driesbach,1552,12
Frank Edgerly,1553,12
Jeff Hafley,1554,6
Joker Phillips,1555,12
Kevin O'Connell,1556,11
Kurt Roper,1557,12
Ryan Downard,1558,6
Tony Tuioti,1559,12
Aubrey Pleasant,1560,11
Shane Steichen,1561,18
Steve Gera,1562,4
Chuck Bullough,1563,7
Gary Brown,1564,6
Bryan Bing,1565,5
Conor Riley,1566,5
Darian Thompson,1567,6
Dele Harding,1568,5
Derrick Foster,1569,14
JJ Clark,1570,5
Junior Adams,1571,5
Lunda Wells,1572,2
Nick Sorensen,1573,5
Ramon Chinyoung,1574,6
Steve Shimko,1575,5
Tiquan Underwood,1576,10
Chase Haslett,1577,6
Eric Simonelli,1578,6
Evan Harrington,1579,6
Greg Ellis,1580,6
Jeff Zgonina,1581,4
John Fassel,1582,6
Ryan Feder,1583,6
Scott Tolzien,1584,6
Braylon Tatum,1585,6
Laura Fryar,1586,6
Pete Ohnegian,1587,6
Sharrif Floyd,1588,6
Doug Nussmeier,1589,6
Kellen Moore,1590,6
Leon Lett,1591,6
Adam Kleffner,1592,6
Andre Gurode,1593,6
Greg Jackson,1594,6
Jon Kitna,1595,6
Jason Garrett,1596,6
Kyle Valero,1597,6
Marc Colombo,1598,6
Keith O'Quinn,1599,6
Ken Amato,1600,6
Derek Dooley,1601,6
Rich Bisaccia,1602,6
Turner West,1603,6
Kevin Carberry,1604,11
Wes Phillips,1605,11
Carlos Woods,1606,9
Ray Rychleski,1607,9
Jim Bob Cooter,1608,18
Ron Prince,1609,9
Ron Turner,1610,4
Addison Lynch,1611,18
Brian Niedermeyer,1612,14
Jim Leonhard,1613,14
Evan Rothstein,1614,10
Isaac Shewmaker,1615,14
Jamar Cain,1616,14
Jeff Schmedding,1617,14
Keary Colbert,1618,14
Logan Kilgore,1619,14
Lou Ayeni,1620,14
Paul Kelly,1621,14
Ray Jackson,1622,14
Davis Webb,1623,14
Zach Strief,1624,14
Zach Line,1625,14
Darren Rizzi,1626,14
Zack Grossi,1627,14
Favian Upshaw,1628,14
Michael Wilhoite,1629,14
Christian Parker,1630,18
Marcus Dixon,1631,11
Andre Carter,1632,8
DeAndre Thompson,1633,6
Jake Moreland,1634,17
Mike Mallory,1635,11
Justin Outten,1636,6
Klint Kubiak,1637,1
Ola Adams,1638,6
special projects – Mayur Chaudhari,1639,6
Chris Kuper,1640,11
Mike Hiestand,1641,12
Nathaniel Willingham,1642,15
Tom McMahon,1643,10
Charles Gordon,1644,14
Chris Strausser,1645,18
Christopher Kragthorpe,1646,14
Lucious Selmon,1647,2
Randy Edsall,1648,2
Phil Rauscher,1649,17
Brock Olivo,1650,14
James Cregg,1651,15
Mark Thewes,1652,14
August Mangin,1653,15
Kelvin Sheppard,1654,14
Dan Campbell,1655,14
David Corrao,1656,14
David Shaw,1657,12
Dré Thompson,1658,14
Justin Mesa,1659,14
Hank Fraley,1660,14
Dave Fipp,1661,17
Mark Brunell,1662,14
Marques Tuiasosopo,1663,14
Seth Ryan,1664,14
Shaun Dion Hamilton,1665,14
Steve Oliver,1666,14
Tashard Choice,1667,14
Tyler Roehl,1668,14
Cameron Davis,1669,14
Tanner Engstrand,1670,14
J. T. Barrett,1671,14
Terrell Williams,1672,10
Brian Duker,1673,14
Dré Bly,1674,14
John Scott Jr.,1675,14
Wayne Blair,1676,14
Deon'tae Pannell,1677,14
Stephen Thomas,1678,17
Billy Yates,1679,10
Bo Davis,1680,10
Steve Gregory,1681,10
Tony Carter,1682,10
Tyrone McKenzie,1683,10
Chris White,1684,10
Matt Patricia,1685,10
Leon Washington,1686,10
Brian Picucci,1687,9
Derius Swinton II,1688,17
Joe Marciano,1689,10
Steven Williams,1690,10
Bill Sheridan,1691,10
Devin Fitzsimmons,1692,10
Ryan Silverfield,1693,1
Ivan Fears,1694,10
Bradford Banta,1695,14
Brandon Fisher,1696,2
Dick MacPherson,1697,7
Rick Lantz,1698,7
Babe Parilli,1699,7
Norm Gerber,1700,7
Patrick Graham,1701,10
Josh Boyer,1702,10
Bill O'Brien,1703,10
Ben Sirmans,1704,6
Connor Lewis,1705,6
Cory Harkey,1706,6
Kevin Bickers,1707,10
Nick Caserio,1708,10
Josh McDaniels,1709,10
DeMarcus Covington,1710,10
Eddie Gordon,1711,6
Jeff Koonz,1712,6
Jeremiah Kolone,1713,6
Adam Stenavich,1714,6
Derrick Ansley,1715,14
Ryan Mahaffey,1716,6
Sean Duggan,1717,6
Sean Mannion,1718,6
Vince Oghobaase,1719,6
Wendel Davis,1720,6
Anthony Perkins,1721,6
Anthony Campanile,1722,15
Kyle Wilber,1723,6
Myles White,1724,6
Quinshon Odom,1725,6
Micheal Spurlock,1726,6
Ramsen Golpashin,1727,6
Maurice Drayton,1728,6
Ruvell Martin,1729,6
Shawn Mennenga,1730,6
Alvis Whitted,1731,6
Tim McGarigle,1732,6
Steve Marshall,1733,9
Joel Hilgenberg,1734,6
Ben Bolling,1735,17
Cole Weeks,1736,17
DeMeco Ryans,1737,15
Danny Barrett,1738,17
Nick Caley,1739,10
Dino Vasso,1740,17
Cole Popovich,1741,10
Jerrod Johnson,1742,17
Jerry Schuplinski,1743,10
Frank Ross,1744,17
Rod Wright,1745,17
Sean Baker,1746,17
Stephen Adegoke,1747,17
Zach Yenser,1748,15
Will Burnham,1749,17
Leander Wallace,1750,17
Ryan Milus,1751,17
DeNarius McGhee,1752,17
Ilir Emini,1753,17
Kenyon Jackson,1754,5
Miles Smith,1755,17
Allen Smith,1756,17
Bobby King,1757,10
Tim Kelly,1758,10
Akeem Dent,1759,10
John Perry,1760,10
Matt O'Donnell,1761,10
Will Lawing,1762,10
Anthony Midget,1763,10
Doug West,1764,10
John Aylward,1765,10
Andre Johnson,1766,10
Wes Welker,1767,15
Doug Colman,1768,10
Mike Vrabel,1769,10
Larry Izzo,1770,5
Pat O'Hara,1771,10
Shane Bowen,1772,10
Anthony Pleasant,1773,10
Bob Ligashesky,1774,10
Dan Hammerschmidt,1775,15
John Benton,1776,15
Karl Dorrell,1777,15
Perry Carter,1778,15
Taylor Porter,1779,15
Brent Jackson,1780,18
Brent Stocksill,1781,18
Brian Bratton,1782,18
Cato June,1783,18
Billy Kinard,1784,7
Tom Yewcic,1785,7
Charlie Partridge,1786,18
Chris Watt,1787,18
DeAndre Smith,1788,18
Kalon Humphries,1789,18
Alex Tanney,1790,18
Reggie Wayne,1791,18
Brian Mason,1792,18
T. J. Ingels,1793,18
Tom Manning,1794,18
Justin Hamilton,1795,18
Cam Turner,1796,18
Mike Mitchell,1797,18
Payton McCollum,1798,18
Jeff Saturday,1799,18
Kevin Mawae,1800,18
Scott Milanovich,1801,18
Tyrone Willingham,1802,3
Pete Bercich,1803,3
Randy Hanson,1804,3
John Tice,1805,3
Dean Dalton,1806,3
Brian Billick,1807,12
Marcus Brady,1808,18
Jim Panagos,1809,3
Nick Sirianni,1810,18
Gunnard Twyner,1811,18
Bubba Ventrone,1812,18
Dave DeGuglielmo,1813,10
Paul Ferraro,1814,1
Brendan Daly,1815,17
Clay Matchett and Chad O'Shea,1816,1
Jim Hueber,1817,1
Jimmie Johnson,1818,1
Darrell Wyatt,1819,1
Todd Nielson,1820,1
Ryan Ficken,1821,1
Robert Mathis,1822,18
Brad White,1823,9
Frank Giufre,1824,9
Chris DiSanto,1825,1
Derek Mason,1826,1
Dennis Polian,1827,1
Jeff Popovich,1828,9
Jim Herrmann,1829,2
Shawn Terlecky,1830,9
Lee Hull,1831,9
Jerry Brown,1832,7
Bus Mertes,1833,7
Mark Jackson,1834,10
Steve Endicott,1835,3
Cleve Bryant,1836,3
Sean Gustus,1837,10
Mike Judge,1838,10
Marwan Maalouf,1839,1
Drew Lascari,1840,10
Fred Walker,1841,10
Liam Coen,1842,11
Grant Udinski,1843,11
John Van Dam,1844,9
Kevin Wilkins,1845,10
Shaun Sarrett,1846,13
Andrew Breiner,1847,17
Cory Robinson,1848,14
Luke Thompson,1849,17
Greg Austin,1850,17
Matt House,1851,17
Mike Gray,1852,17
Patrick Reilly,1853,17
Vacant,1854,15
Cody Grimm,1855,17
Nick Holz,1856,10
Nick Williams,1857,17
Tony Gilbert,1858,17
Sean Cullina,1859,17
Carlos Polk,1860,5
Urban Meyer,1861,5
Charlie Strong,1862,9
Chris Ash,1863,10
Jim Reid,1864,9
Steve Bush,1865,9
Tyler Brown,1866,18
Zach Orr,1867,5
Chris O'Hara,1868,11
Denard Robinson,1869,13
Dwayne Stukes,1870,11
Mike Dumas,1871,13
Marvin Marshall,1872,13
Tim Davis,1873,13
John Bonamego fired on October 5th,1874,14
Dave Szott,1875,7
Corwin Brown,1876,7
Brian Flores,1877,10
Bill Lewis,1878,8
Randy Shannon,1879,8
Pat Jones,1880,8
Tony Wise,1881,8
ElizaBeth Mayers,1882,11
John Gamble,1883,13
Jeff Dellenbach,1884,8
James Coley,1885,13
Kirby Smart,1886,13
Ron Middleton,1887,15
John Donovan,1888,11
Tyler Wolf,1889,11
Dan Shamash,1890,18
Daniel Bullocks,1891,15
Robert Saleh,1892,15
Scottie Hazelton,1893,11
Tony Sorrentino,1894,11
Frank Scelfo,1895,11
Jerry Richardson,1896,11
Greg Burns,1897,11
Chris Wiesehan,1898,11
Matt Applebaum,1899,15
Chris Mosley,1900,11
Steve Logan,1901,11
Jay Kaiser,1902,11
Brandon Blaney,1903,12
Andy Heck,1904,17
Charlie Skalaski,1905,12
Paul Spicer,1906,12
Johnny Cox,1907,12
Matt Griffin,1908,12
Mike Eubanks,1909,12
Ron Heller,1910,12
Alex Whittingham,1911,17
Chris Orr,1912,17
Connor Embree,1913,17
Dan Williams,1914,17
David Girardi,1915,17
Kevin Saxton,1916,17
Rod Wilson,1917,17
Joe Bleymaier,1918,17
Todd Pinkston,1919,17
Porter Ellett,1920,17
Terry Bradden,1921,17
Doug Plank,1922,12
Kerry Locklin,1923,12
Noel Mazzone,1924,12
Mike Kafka,1925,17
Sam Madison,1926,17
Britt Reid,1927,17
Deland McCullough,1928,17
"Jack Bicknell, Jr.",1929,2
Brian Ferentz,1930,10
Richie Anderson,1931,10
Jay Mandolesi,1932,7
"Kevin Gilbride, Jr.",1933,2
Jay Valai,1934,17
Joe Blaymeir,1935,17
Kyle Childress,1936,17
Taylor Embree,1937,15
Eugene Chung,1938,17
Joe D’Orazio,1939,17
Gerald Carr,1940,17
Jim Bollman,1941,7
Mike Zordich,1942,17
Pat Perles,1943,10
Beyah Rasool,1944,5
Mike Kelly,1945,17
Ryan Paganetti,1946,17
John Glenn,1947,5
Kyle Fuller,1948,5
Rip Rowan,1949,5
Brennan Carroll,1950,5
Sean Binckes,1951,5
Cadillac Williams,1952,10
De'Andre Pierce,1953,10
Gerald Alexander,1954,13
Antonio Pierce,1955,10
Mitch Singler,1956,10
Ricky Manning,1957,10
Cameron Clemmons,1958,10
Carmen Bricillo,1959,10
Danny Amendola,1960,10
Keith Heyward,1961,10
Mick Lombardi,1962,10
Taver Johnson,1963,18
Tom Cable,1964,5
Lemuel Jeanpierre,1965,15
Marco Coleman,1966,11
"Ken Norton, Jr.",1967,10
Brent Vieselmeyer,1968,10
Nate Tice,1969,10
Rod Woodson,1970,10
Sam Anno,1971,10
Justin Griffith,1972,10
Ted Gilmore,1973,10
Greg Biekert,1974,16
Mike Clark,1975,16
Steve Wisniewski,1976,16
Adam Fuller,1977,12
Jim Harbaugh,1978,12
Jeff Carpenter,1979,12
Josh Hammond,1980,12
Kiel McDonald,1981,12
Mike Elston,1982,12
NaVorro Bowman,1983,12
Nick Hardwick,1984,12
Robert Muschamp,1985,12
Steve Clinkscale,1986,12
Will Tukuafu,1987,5
Chris O'Leary,1988,12
Jonathan Goodwin,1989,12
Phil Serchia,1990,12
Brendan Nugent,1991,14
Tom Donatell,1992,5
Pat White,1993,14
Tom Arth,1994,13
Will Harris,1995,14
Cody Cejda,1996,14
Jim Chaney,1997,7
Wayne Moses,1998,7
La'Roi Glover,1999,9
Mark Ridgley,2000,18
Keith Burns,2001,18
Chris Harris,2002,4
Eric Henderson,2003,11
Chris Shula,2004,11
Craig Aukerman,2005,10
Byron Storer,2006,18
George McDonald,2007,6
Cris Dishman,2008,4
Joe Coniglio,2009,11
Mike LaFleur,2010,15
Rob Calabrese,2011,15
Ron Gould,2012,11
Scott Huff,2013,11
Nathan Scheelhaase,2014,11
Zak Kromer,2015,11
David Gibbs,2016,15
Keith Millard,2017,15
Roman Phifer,2018,14
Terry Tumey,2019,15
Fred Reed,2020,12
Tim Martz,2021,12
Mike Barry,2022,12
Jim Colletto,2023,12
Pat Carter,2024,12
Kenneth Black,2025,11
Ra'Shaad Samples,2026,11
Skyler Jones,2027,11
Barrett Trotter,2028,2
Chris Weinke,2029,2
Kenan Smith,2030,2
Paul T Boudreau,2031,13
Joe Bowden,2032,2
"Paul Boudreau, Jr.",2033,2
Frank Leonard,2034,17
Austin Clark,2035,15
Butch Barry,2036,15
DeShawn Shead,2037,5
Jonathan Krause,2038,15
Kynjee Cotton,2039,15
Mathieu Araujo,2040,15
Dick Curl,2041,7
Roman Sapolu,2042,15
Mike Cox,2043,7
Keith Murphy,2044,7
Rob Everett,2045,15
Ryan Crow,2046,10
Joe Kasper,2047,18
Josh Grizzard,2048,15
Kenny Baker,2049,15
Kolby Smith,2050,15
Steve Donatell,2051,11
Mike Person,2052,15
Patrick Surtain,2053,15
Steve Ferentz,2054,15
Charlie Frye,2055,11
Curt Kuntz,2056,15
Lance Bennett,2057,11
Robby Brown,2058,9
Don Martin,2059,7
Jeff Burris,2060,10
Ken O'Keefe,2061,16
Mike Wahle,2062,16
Blue Adams,2063,16
Bruce Matthews,2064,15
Tony Sparano Jr,2065,10
Bobby Petrino,2066,2
Lane Kiffin,2067,2
Garrick McGee,2068,2
Ben Ellefson,2069,11
Jordan Traylor,2070,11
Chenzo Funari,2071,11
Mike London,2072,9
Tracy Simien,2073,15
Derron Montgomery,2074,11
Henry Schneider IV,2075,11
Imarjaye Albury Sr.,2076,11
Josh McCown,2077,11
Michael Hutchings,2078,11
Patrick Hill,2079,11
Matt Daniels,2080,11
Imarjaye Albury,2081,11
A'Lique Terry,2082,11
Mike Ketchum,2083,7
Nate Wainright,2084,7
Dedric Ward,2085,13
Vernon Stephens,2086,13
Paul Haynes,2087,2
Charles Banks,2088,13
AC Patterson,2089,1
Karl Scott,2090,5
Ben Albert,2091,12
Anthony Lomando,2092,12
Dave Campo and Dick Nolan,2093,8
Joe Brodsky,2094,8
Steve Ortmayer,2095,7
Nate Kaeding,2096,1
Robert Rodriguez,2097,1
Darrell Hazell,2098,1
Terence Newman,2099,1
Bob Young,2100,2
Frank Novak,2101,2
Joe Galat,2102,7
Hugh Campbell,2103,3
Bruce Lemmerman,2104,3
Bob Padilla,2105,3
Ken Houston,2106,3
John Devlin,2107,3
Ralph Staub,2108,7
Gene Gaines,2109,3
Gary Huff,2110,3
Ed Sidwell,2111,14
Chuck Banker,2112,3
Charley Taylor,2113,7
Mel Renfro,2114,7
Bill Atkins,2115,3
Rudy Feldman,2116,3
Harry Gilmer,2117,3
Gene Stallings  Hank Kuhlmann,2118,7
Jim Hanifan and Rennie Simmons,2119,7
Wayne Sevier,2120,7
Duane Putnam,2121,3
signed with the Detroit Lions,2122,13
Margie Smith,2123,4
Robb Akey,2124,11
Marv Goux,2125,3
Bruce Snyder,2126,3
Jon Robinson,2127,3
Craig Dickenson,2128,7
Paul Chryst,2129,7
Mike Sanford,2130,7
Andrew McClave,2131,7
James Lofton,2132,3
Mark Banker,2133,7
DelVaughn Alexander,2134,7
Jack Snow,2135,7
Albert Lewis,2136,3
Greg Gaines,2137,15
Clint McMillan,2138,10
Kevin Richardson,2139,10
Riley Larkin,2140,10
Artie Gigantino,2141,3
Jeremy Springer,2142,10
Chris Turner,2143,7
Michael Ketchum,2144,7
Chris Griswold,2145,7
Tony Dews,2146,10
Zak Kuhr,2147,10
Brian Belichick,2148,10
Jerod Mayo,2149,10
Dont'a Hightower,2150,10
Charles Coe,2151,5
Matthew Slater,2152,10
Tyler Hughes,2153,10
Vinny DePalma,2154,10
Robin Ross,2155,7
Adrian Klemm,2156,13
Berj Najarian,2157,10
Cam Achord,2158,10
Jimmy Warren,2159,7
Chet Franklin / Willie Brown,2160,7
Sam Boghosian / Art Shell,2161,7
Bo Jackson,2162,7
Robert Jenkins,2163,7
Jim Michalczik,2164,16
Keith Jones,2165,10
Ross Douglas,2166,10
Troy Brown,2167,10
Vinnie Sunseri,2168,10
Joe Judge,2169,10
Steve Belichick,2170,10
V'Angelo Bentley,2171,10
Marv Braden,2172,7
Greg Schiano,2173,10
Bob Fraser,2174,10
Bret Bielema,2175,10
Carter Sheridan,2176,14
Michael Lombardi,2177,10
Adam Gristick,2178,14
Brian Young,2179,14
Jahri Evans,2180,6
Joel Thomas,2181,14
Mike Martin,2182,14
Peter Sirmon,2183,6
T. J. Paganetti,2184,17
Phil Galiano,2185,6
Tobijah Hughley,2186,6
Kevin Petry,2187,14
Kodi Burns,2188,14
Sterling Moore,2189,14
Leigh Torrence,2190,14
James Willis,2191,14
Mike Neu,2192,14
Wesley McGriff,2193,14
Cade Knox,2194,10
Grant Morgan,2195,10
James Ferentz,2196,10
Ladell Betts,2197,10
Michael Ghobrial,2198,10
Angela Baker,2199,10
Michael Treier,2200,10
Chris Smith,2201,10
Anthony Blevins,2202,10
Burton Burns,2203,10
Carter Blount,2204,10
Jeremy Pruitt,2205,10
Kevin Sherrer,2206,10
Rob Sale,2207,10
Russ Callaway,2208,10
Sean Spencer,2209,10
Bobby Blick and Nick Williams,2210,10
Mike Treier,2211,10
Bobby Blick,2212,2
Henry Baker,2213,2
Mike Dawson,2214,17
Ryan Roeder,2215,2
Aaron Curry,2216,5
Junior Taylor,2217,15
Nic McKissic–Luke,2218,14
Roosevelt Williams,2219,14
Chris Banjo,2220,14
Ryan Davis Sr,2221,15
Shaq Wilson,2222,15
Brant Boyer,2223,15
Walter Kusmirek,2224,15
Billy VandeMerkt,2225,15
Greg Scruggs,2226,15
Ricky Manning Jr.,2227,5
Chip Vaughn,2228,15
John Beck,2229,15
Miles Austin,2230,15
"Bo Hardegree , Chris Kragthorpe, and Hines Ward",2231,16
"Robby Brown, Blake Williams, and Eric Sanders",2232,16
Tim Atkins,2233,9
Daylon McCutcheon,2234,9
Marcel Shipp,2235,9
Cedric Smith,2236,12
Kavan Latham,2237,12
Jamey Mroz,2238,12
Pierre Ngo,2239,12
Aaron Moorehead,2240,18
Eric Dickerson,2241,18
Montgomery VanGorder,2242,18
Scot Loeffler,2243,18
Tyler Scudder,2244,18
Tyler Yelk,2245,18
Jeff Stoutland,2246,17
Joe Pannunzio,2247,18
Michael Clay,2248,18
D. J. Eliot,2249,18
D.K. McDonald,2250,18
Brian Johnson,2251,18
Mike DiAngelo,2252,18
Tracy Rocker,2253,18
Matthew Harper,2254,17
Mike Bartrum,2255,17
Nathan Ollie,2256,17
Phillip Daniels,2257,17
Spencer Phillips,2258,17
Chris Wilson,2259,17
Gunter Brewer,2260,17
Chip Kelly,2261,17
Jerry Azzinaro,2262,17
Rick Minter,2263,17
Ryan Day,2264,17
John Lovett,2265,17
Todd Lyght,2266,17
Erik Chinander,2267,17
Denzel Martin,2268,13
Eddie Faulkner,2269,13
Isaac Williams,2270,13
Luke Smith,2271,13
David Corley,2272,13
Matt Tomsho,2273,13
Matt Canada,2274,13
Blaine Stewart,2275,13
David Corley Jr.,2276,13
Matt Symmes,2277,13
Tom Bradley,2278,13
Joey Porter,2279,13
Carnell Lake,2280,13
Steve Meyer,2281,13
Dr. Mark Duca,2282,13
Ryan Scarpino,2283,13
Jacob Webster,2284,15
Jake Lynch,2285,15
Joe Graves,2286,15
Klay Kubiak,2287,15
Leonard Hankerson,2288,15
Miguel Reveles,2289,15
Patrick Hagedorn,2290,15
Robert Turner Jr,2291,15
Ronald Blair III,2292,15
Brian Griese,2293,15
K. J. Wright,2294,15
Darryl Tapp,2295,15
Katie Sowers,2296,15
Crowley Hanlon,2297,17
Eric Wolford,2298,17
Scott Brown,2299,1
Jim Leavitt,2300,12
Reggie Davis,2301,12
Richmond Flowers,2302,12
Paul Wulff,2303,12
Chris Partridge,2304,6
Josh Bynes,2305,6
Mack Brown,2306,6
Michael Byrne,2307,6
Neiko Thorpe,2308,5
Rob Caprice,2309,6
Tyson Prince,2310,6
Ryan Grubb,2311,6
Zak Hill,2312,6
BT Jordan,2313,5
Damione Lewis,2314,5
Austin Davis,2315,5
Keli'i Kekuewa and Kerry Joseph,2316,5
Micheal Barrow,2317,5
Lofa Tatupu,2318,5
Bryan McClendon,2319,9
Jeff Kastl,2320,9
Joey Fitzgerald,2321,9
Kefense Hynson,2322,9
Rashad Johnson,2323,9
Thad Lewis,2324,9
Jordan Somerville,2325,9
Lori Locust,2326,9
Thaddeus Lewis,2327,9
A.Q. Shipley,2328,9
Mike Bajakian,2329,4
Skyler Fulton,2330,12
Stephen Nicholas,2331,12
Nate Kaczor,2332,4
Chad Carson,2333,12
"Gill Byrd , Larry Marmie",2334,4
Hardy Nickerson,2335,4
Jeff Tedford,2336,4
Marcus Arroyo,2337,4
Matt Wiegand,2338,4
Bob Bostad,2339,10
Robb Smith,2340,10
P. J. Fleck,2341,10
Ron Cooper,2342,10
Grady Stretz,2343,11
Tyrone Pettaway,2344,11
Dylan Autenrieth,2345,16
Luke Stocker,2346,16
Matt Jones,2347,10
Randy Jordan,2348,4
Scott Fuchs,2349,16
Tom Jones,2350,16
Colt Anderson,2351,16
Kylan Butler,2352,10
Erik Frazier,2353,10
Kenechi Udeze,2354,10
John Streicher,2355,10
Jason Tucker,2356,13
Chet Parlavecchio,2357,11
Andre Coleman,2358,6
Darnell Stapleton,2359,6
David Blough,2360,6
George Banko,2361,6
Ryan Kerrigan,2362,4
Sarah Hogan,2363,6
"Shane Toub , Jesse Madden",2364,6
Tavita Pritchard,2365,4
William Gay,2366,6
Luke Del Rio,2367,4
Reggie Howard,2368,4
Todd Storm,2369,4
Tyrae Reid Jr.,2370,4
Brent Vieselmeyer and Richard Rodgers Sr.,2371,4
Luke Del Rio and Todd Storm,2372,4
Doug Williams,2373,4
Aaron Stamn,2374,11
Tim Rattay,2375,11
Danny Meehan,2376,11
Torrian Gray,2377,11
Jim Dooley,2378,7
Mike Borich,2379,7
Earle Mosley,2380,7
Gary Crowton,2381,7
Vance Bedford,2382,7
Richard Dent,2383,7
Bob Wiley,2384,7
Lloyd Lee,2385,4
Brick Haley,2386,4
Eric Sutulovich,2387,12
Barry Switzer,2388,8
Bill Young,2389,7
Chris Dalman,2390,3
Kevin Wolthausen,2391,1
Derrick Nix,2392,1
Mike Summers,2393,1
Paul Petrino,2394,1
Jeff Rutledge,2395,13
DeMontie Cross,2396,9
Matt Simon,2397,12
Rick Neuheisel,2398,12
Juney Barnett,2399,12
Phil Zacharias,2400,12
Lester Erb,2401,13
